react_smi,prod_smi,mr_num,mr_smi,iso_bool,iso_type,iso_corr_factor,f_ea_true,f_ea_mr
CCCCC(C)(C)C.C[C](C)C(C)(C)C,CC(C)C(C)(C)C.CCC[CH]C(C)(C)C,new_mr_17,CCC.C[C](C)C>>CC(C)C.C[CH]C,False,,,47.03677250005782,37.7372
CCCCC(C)(C)C.C[CH]C(C)(C)CCC,CCCC(C)(C)CC.[CH2]CCCC(C)(C)C,new_mr_11,CC.C[CH]C>>CCC.[CH2]C,False,,,45.534223749999114,38.7519
CCCCC(C)(C)C.CCC[CH]C(C)CC,CCCCC(C)CC.[CH2]CCCC(C)(C)C,new_mr_11,CC.C[CH]C>>CCC.[CH2]C,False,,,41.41437250002099,38.7519
CCCCC(C)(C)C.CCC[CH]C(C)(C)C,CCCCC(C)(C)C.C[CH]CCC(C)(C)C,new_mr_16,CCC.C[CH]C>>CCC.C[CH]C,False,,,39.94570874998374,37.1712
CC(C)CCC(C)C.[H],C[C](C)CCC(C)C.[H][H],new_mr_18,CC(C)C.[H]>>C[C](C)C.[H][H],False,,,21.185968749996604,19.2624
CC(C)CCC(C)C.C[CH]C(C)(C)C,CC(C)[CH]CC(C)C.CCC(C)(C)C,new_mr_16,CCC.C[CH]C>>CCC.C[CH]C,False,,,43.16258749999449,37.1712
CC(C)CCC(C)C.C[C](C)C(C)C,CC(C)C(C)C.[CH2]C(C)CCC(C)C,new_mr_12,CC.C[C](C)C>>CC(C)C.[CH2]C,False,,,42.575875000013355,37.4956
CC(C)CCC(C)C.CCCC[C](C)C,CCCCC(C)C.C[C](C)CCC(C)C,new_mr_22,CC(C)C.C[C](C)C>>CC(C)C.C[C](C)C,False,,,38.557051249994174,36.0122
CCC(C)CC(C)C.[CH3],C.[CH2]CC(C)CC(C)C,new_mr_9,CC.[CH3]>>C.[CH2]C,False,,,33.21984999998634,35.97
CCC(C)CC(C)C.[H],C[CH]C(C)CC(C)C.[H][H],new_mr_13,CCC.[H]>>C[CH]C.[H][H],False,,,22.593451250009977,21.2208
CCC(C)CC(C)C.[H],CCC(C)C[C](C)C.[H][H],new_mr_18,CC(C)C.[H]>>C[C](C)C.[H][H],False,,,20.977638750023218,19.2624
CCC(C)CC(C)C.[CH2]CCC,CCC(C)[CH]C(C)C.CCCC,new_mr_15,CCC.[CH2]C>>CC.C[CH]C,False,,,37.33750499997001,34.1203
CCC(C)CC(C)C.[CH2]CC(C)CC,CCC(C)CC.CC[C](C)CC(C)C,new_mr_20,CC(C)C.[CH2]C>>CC.C[C](C)C,False,,,37.035677500018664,30.4551
CCC(C)CC(C)C.C[C](C)C(C)C(C)C,CC(C)C(C)C(C)C.CC[C](C)CC(C)C,new_mr_22,CC(C)C.C[C](C)C>>CC(C)C.C[C](C)C,False,,,47.34424749995924,36.0122
CCC(C)CC(C)C.[CH2]C(C(C)C)C(C)C,CC(C)C(C)C(C)C.[CH2]C(CC)CC(C)C,new_mr_10,CC.[CH2]C>>CC.[CH2]C,False,,,40.113251249953095,36.7571
CCC(C)CC(C)C.[CH2]CC(C)CCCC,CCCCC(C)CC.[CH2]CC(C)CC(C)C,new_mr_10,CC.[CH2]C>>CC.[CH2]C,False,,,39.41390250000666,36.7571
CC(C)CC(C)(C)C.[CH3],C.C[C](C)CC(C)(C)C,new_mr_19,CC(C)C.[CH3]>>C.C[C](C)C,False,,,33.45955499998752,28.2821
CC(C)CC(C)(C)C.[H],[CH2]C(C)(C)CC(C)C.[H][H],new_mr_8,CC.[H]>>[CH2]C.[H][H],False,,,24.580743750004075,23.8237
CC(C)CC(C)(C)C.[CH2]CC(CC)CCC,CCCC(CC)CC.[CH2]C(C)CC(C)(C)C,new_mr_10,CC.[CH2]C>>CC.[CH2]C,False,,,38.610702499965726,36.7571
CC(C)CC(C)(C)C.CCCCC[C](C)C,CCCCCC(C)C.C[C](C)CC(C)(C)C,new_mr_22,CC(C)C.C[C](C)C>>CC(C)C.C[C](C)C,False,,,39.50771374998382,36.0122
CCC(C)C(C)CC.[CH2]C(C)C(C)C,CC(C)C(C)C.[CH2]CC(C)C(C)CC,new_mr_10,CC.[CH2]C>>CC.[CH2]C,False,,,39.5902299999895,36.7571
CCC(C)C(C)CC.C[CH]CC(C)(C)C,CCCC(C)(C)C.C[CH]C(C)C(C)CC,new_mr_16,CCC.C[CH]C>>CCC.C[CH]C,False,,,43.136546250024566,37.1712
CCC(C)C(C)CC.CC[CH]C(CC)CC,CCCC(CC)CC.C[CH]C(C)C(C)CC,new_mr_16,CCC.C[CH]C>>CCC.C[CH]C,False,,,42.467003750002874,37.1712
CCC(C)C(C)CC.C[CH]CCCC(C)C,CCCCCC(C)C.[CH2]CC(C)C(C)CC,new_mr_11,CC.C[CH]C>>CCC.[CH2]C,False,,,42.12940874999916,38.7519
CCC(C)C(C)CC.C[C](C)CC(C)(C)C,CC(C)CC(C)(C)C.C[CH]C(C)C(C)CC,new_mr_17,CCC.C[C](C)C>>CC(C)C.C[CH]C,False,,,50.03622250001115,37.7372
CCC(C)C(C)(C)C.[CH2]CCCC,CCCCC.[CH2]CC(C)C(C)(C)C,new_mr_10,CC.[CH2]C>>CC.[CH2]C,False,,,38.3559374999669,36.7571
CCC(C)C(C)(C)C.[CH2]C(C)C(C)C,CC(C)C(C)C.[CH2]C(C)(C)C(C)CC,new_mr_10,CC.[CH2]C>>CC.[CH2]C,False,,,40.35734875001452,36.7571
CCC(C)C(C)(C)C.CCC(CC)[C](C)C,CCC(CC)C(C)C.CC[C](C)C(C)(C)C,new_mr_22,CC(C)C.C[C](C)C>>CC(C)C.C[C](C)C,False,,,52.741061249959245,36.0122
CC(C)(C)C(C)(C)C.CCC[CH]C(C)CC,CCCCC(C)CC.[CH2]C(C)(C)C(C)(C)C,new_mr_11,CC.C[CH]C>>CCC.[CH2]C,False,,,43.3031474999963,38.7519
CCCC(C)CC.CC[CH]C(C)C,CCCC(C)C.CCC[C](C)CC,new_mr_21,CC(C)C.C[CH]C>>CCC.C[C](C)C,False,,,40.57885624999031,35.2818
[CH3].[H][H],C.[H],new_mr_0,[CH3].[H][H]>>C.[H],False,,,28.50638374999992,28.5048
[CH2]C.[H][H],CC.[H],new_mr_1,[CH2]C.[H][H]>>CC.[H],False,,,31.5309337500058,31.5312
C[CH]C.[H][H],CCC.[H],new_mr_2,C[CH]C.[H][H]>>CCC.[H],False,,,33.565288749997,33.56
[CH2]CCCC.[H][H],CCCCC.[H],new_mr_1,[CH2]C.[H][H]>>CC.[H],False,,,29.025012500001353,31.5312
[CH2]CCC(C)C.[H][H],CCCC(C)C.[H],new_mr_1,[CH2]C.[H][H]>>CC.[H],False,,,29.776130000013268,31.5312
[CH2]CCCCCC.[H][H],CCCCCCC.[H],new_mr_1,[CH2]C.[H][H]>>CC.[H],False,,,29.19035874999409,31.5312
CCC[CH]C(C)C.[H][H],CCCCC(C)C.[H],new_mr_2,C[CH]C.[H][H]>>CCC.[H],False,,,31.51053999998595,33.56
CCC[C](C)CC.[H][H],CCCC(C)CC.[H],new_mr_3,C[C](C)C.[H][H]>>CC(C)C.[H],False,,,37.422217500005814,34.0569
[CH2]C(CC)C(C)C.[H][H],CCC(C)C(C)C.[H],new_mr_1,[CH2]C.[H][H]>>CC.[H],False,,,31.900217499983015,31.5312
CC[C](CC)CC.[H][H],CCC(CC)CC.[H],new_mr_3,C[C](C)C.[H][H]>>CC(C)C.[H],False,,,32.54999375000111,34.0569
CCC[C](C)CCC.[H][H],CCCC(C)CCC.[H],new_mr_3,C[C](C)C.[H][H]>>CC(C)C.[H],False,,,35.48167374998286,34.0569
CCCC(C)[C](C)C.[H][H],CCCC(C)C(C)C.[H],new_mr_3,C[C](C)C.[H][H]>>CC(C)C.[H],False,,,36.900451250003385,34.0569
C[CH]CC(CC)CC.[H][H],CCCC(CC)CC.[H],new_mr_2,C[CH]C.[H][H]>>CCC.[H],False,,,34.48614499998165,33.56
CC[CH]C(CC)CC.[H][H],CCCC(CC)CC.[H],new_mr_2,C[CH]C.[H][H]>>CCC.[H],False,,,32.86907750001589,33.56
CC[CH]C(C)(C)CC.[H][H],CCCC(C)(C)CC.[H],new_mr_2,C[CH]C.[H][H]>>CCC.[H],False,,,33.40025625001239,33.56
C[C](C)C(C)C(C)C.[H][H],CC(C)C(C)C(C)C.[H],new_mr_3,C[C](C)C.[H][H]>>CC(C)C.[H],False,,,39.496418749994504,34.0569
[CH2]CC(C)(C)C(C)C.[H][H],CCC(C)(C)C(C)C.[H],new_mr_1,[CH2]C.[H][H]>>CC.[H],False,,,30.027443750020808,31.5312
[CH2]C(C)(CC)C(C)C.[H][H],CCC(C)(C)C(C)C.[H],new_mr_1,[CH2]C.[H][H]>>CC.[H],False,,,32.64317750003336,31.5312
[CH2]CC(C)(CC)CC.[H][H],CCC(C)(CC)CC.[H],new_mr_1,[CH2]C.[H][H]>>CC.[H],False,,,30.062269999986384,31.5312
C[C](C)CCC(C)C.[H][H],CC(C)CCC(C)C.[H],new_mr_3,C[C](C)C.[H][H]>>CC(C)C.[H],False,,,34.54858124998452,34.0569
CC[C](C)CC(C)C.[H][H],CCC(C)CC(C)C.[H],new_mr_3,C[C](C)C.[H][H]>>CC(C)C.[H],False,,,38.09050500001284,34.0569
C[C](C)CC(C)(C)C.[H][H],CC(C)CC(C)(C)C.[H],new_mr_3,C[C](C)C.[H][H]>>CC(C)C.[H],False,,,38.76412625002423,34.0569
[CH2]CC(C)C(C)CC.[H][H],CCC(C)C(C)CC.[H],new_mr_1,[CH2]C.[H][H]>>CC.[H],False,,,30.262128749998993,31.5312
CCCC(C)CC.C[C](C)C(C)C,CC(C)C(C)C.CCC[C](C)CC,new_mr_22,CC(C)C.C[C](C)C>>CC(C)C.C[C](C)C,False,,,44.76961500000343,36.0122
CC(C)CC(C)C.[CH3],C.[CH2]C(C)CC(C)C,new_mr_9,CC.[CH3]>>C.[CH2]C,False,,,34.23263499999749,35.97
CC(C)CC(C)C.[H],C[C](C)CC(C)C.[H][H],new_mr_18,CC(C)C.[H]>>C[C](C)C.[H][H],False,,,20.915516250037385,19.2624
CCC(C)C(C)C.[CH3],C.C[CH]C(C)C(C)C,new_mr_14,CCC.[CH3]>>C.C[CH]C,False,,,33.41217874998229,30.4325
CCC(C)C(C)C.[CH3],C.CC[C](C)C(C)C,new_mr_19,CC(C)C.[CH3]>>C.C[C](C)C,False,,,32.576662499969444,28.2821
CCC(C)C(C)C.[CH3],C.[CH2]C(C)C(C)CC,new_mr_9,CC.[CH3]>>C.[CH2]C,False,,,33.31805374998808,35.97
CC(C)C.[CH3],C.C[C](C)C,new_mr_19,CC(C)C.[CH3]>>C.C[C](C)C,False,,,28.388100000004286,28.2821
CCC(C)C(C)C.CCC[C](C)CC,CCCC(C)CC.[CH2]CC(C)C(C)C,new_mr_12,CC.C[C](C)C>>CC(C)C.[CH2]C,False,,,46.01300625003873,37.4956
CCC(C)C(C)C.CC[C](C)C(C)C,CCC(C)C(C)C.[CH2]CC(C)C(C)C,new_mr_12,CC.C[C](C)C>>CC(C)C.[CH2]C,False,,,41.28636250002316,37.4956
CCC(CC)CC.C[CH]C,CCC.C[CH]C(CC)CC,new_mr_16,CCC.C[CH]C>>CCC.C[CH]C,False,,,39.31005125000134,37.1712
CCC(CC)CC.C[C](C)C(C)(C)C,CC(C)C(C)(C)C.[CH2]CC(CC)CC,new_mr_12,CC.C[C](C)C>>CC(C)C.[CH2]C,False,,,44.07591375000706,37.4956
CCC(C)(C)CC.[CH3],C.[CH2]CC(C)(C)CC,new_mr_9,CC.[CH3]>>C.[CH2]C,False,,,34.70169124999032,35.97
CCC(C)(C)CC.[CH3],C.C[CH]C(C)(C)CC,new_mr_14,CCC.[CH3]>>C.C[CH]C,False,,,31.91778749999216,30.4325
CCC(C)(C)CC.[H],C[CH]C(C)(C)CC.[H][H],new_mr_13,CCC.[H]>>C[CH]C.[H][H],False,,,22.319233750024594,21.2208
CCCC(C)CCC.[CH3],C.[CH2]C(CCC)CCC,new_mr_9,CC.[CH3]>>C.[CH2]C,False,,,33.801228749980936,35.97
CCCC(C)CCC.[H],CCC[C](C)CCC.[H][H],new_mr_18,CC(C)C.[H]>>C[C](C)C.[H][H],False,,,20.307155000003903,19.2624
CCC(C)(C)C.[CH3],C.[CH2]C(C)(C)CC,new_mr_9,CC.[CH3]>>C.[CH2]C,False,,,34.17427749998431,35.97
CCCC(C)CCC.[CH2]C(C)C(C)C,CC(C)C(C)C.[CH2]CCC(C)CCC,new_mr_10,CC.[CH2]C>>CC.[CH2]C,False,,,38.5448149999894,36.7571
CCCC(C)C(C)C.[CH3],C.[CH2]C(CCC)C(C)C,new_mr_9,CC.[CH3]>>C.[CH2]C,False,,,36.01630374998848,35.97
CCCC(C)C(C)C.[H],CC[CH]C(C)C(C)C.[H][H],new_mr_13,CCC.[H]>>C[CH]C.[H][H],False,,,22.979363750016546,21.2208
CCCC(C)C(C)C.CC[C](C)CC,CCC(C)CC.C[CH]CC(C)C(C)C,new_mr_17,CCC.C[C](C)C>>CC(C)C.C[CH]C,False,,,43.51775250006085,37.7372
CCCCCC.[CH3],C.C[CH]CCCC,new_mr_14,CCC.[CH3]>>C.C[CH]C,False,,,30.795190000008574,30.4325
CCCC(CC)CC.[CH3],C.CC[CH]C(CC)CC,new_mr_14,CCC.[CH3]>>C.C[CH]C,False,,,32.43045499998189,30.4325
CCCC(CC)CC.[CH3],C.CCC[C](CC)CC,new_mr_19,CC(C)C.[CH3]>>C.C[C](C)C,False,,,32.277344999976094,28.2821
CCCC(CC)CC.[H],C[CH]CC(CC)CC.[H][H],new_mr_13,CCC.[H]>>C[CH]C.[H][H],False,,,22.361276249989785,21.2208
CCCC(CC)CC.[H],CC[CH]C(CC)CC.[H][H],new_mr_13,CCC.[H]>>C[CH]C.[H][H],False,,,22.332724999990532,21.2208
CCCC(CC)CC.[CH2]CC(C)(C)C,CCC(C)(C)C.[CH2]CC(CC)CCC,new_mr_10,CC.[CH2]C>>CC.[CH2]C,False,,,39.742712499961215,36.7571
CCCC(CC)CC.[CH2]C(C)CC(C)C,CC(C)CC(C)C.[CH2]CCC(CC)CC,new_mr_10,CC.[CH2]C>>CC.[CH2]C,False,,,40.47500500003849,36.7571
CCCC(CC)CC.CC[C](CC)CC,CCC(CC)CC.CC[CH]C(CC)CC,new_mr_17,CCC.C[C](C)C>>CC(C)C.C[CH]C,False,,,42.72396499996049,37.7372
CCCC(C)[C](C)C.CCCC(CC)CC,CCCC(C)C(C)C.CCC[C](CC)CC,new_mr_22,CC(C)C.C[C](C)C>>CC(C)C.C[C](C)C,False,,,46.30918624996866,36.0122
CCCC(CC)CC.CC[CH]C(CC)CC,CCCC(CC)CC.CCC[C](CC)CC,new_mr_21,CC(C)C.C[CH]C>>CCC.C[C](C)C,False,,,39.91182374999795,35.2818
CCCCCC.CC[CH]CCC,CCCCCC.C[CH]CCCC,new_mr_16,CCC.C[CH]C>>CCC.C[CH]C,False,,,37.424413750018104,37.1712
CC(C)C(C)C(C)C.[H],C[C](C)C(C)C(C)C.[H][H],new_mr_18,CC(C)C.[H]>>C[C](C)C.[H][H],False,,,21.33468625001349,19.2624
CC(C)C(C)C(C)C.C[C](C)C(C)C,CC(C)C(C)C.C[C](C)C(C)C(C)C,new_mr_22,CC(C)C.C[C](C)C>>CC(C)C.C[C](C)C,False,,,43.28400874997328,36.0122
CCC(CC)C(C)C.[CH3],C.CCC(CC)[C](C)C,new_mr_19,CC(C)C.[CH3]>>C.C[C](C)C,False,,,34.452259999978025,28.2821
CCC(CC)C(C)C.[CH3],C.[CH2]C(C)C(CC)CC,new_mr_9,CC.[CH3]>>C.[CH2]C,False,,,36.97543749999241,35.97
CCC(CC)C(C)C.C[CH]C,CCC.C[CH]C(CC)C(C)C,new_mr_16,CCC.C[CH]C>>CCC.C[CH]C,False,,,40.396253749987636,37.1712
CCCC(C)C.[CH2]C(CC)CC,CCC(C)CC.[CH2]CCC(C)C,new_mr_10,CC.[CH2]C>>CC.[CH2]C,False,,,38.32832750001877,36.7571
CC.[H],[CH2]C.[H][H],new_mr_8,CC.[H]>>[CH2]C.[H][H],False,,,23.823664999998293,23.8237
CCC(CC)C(C)C.C[C](C)C(C)C,CC(C)C(C)C.CCC(CC)[C](C)C,new_mr_22,CC(C)C.C[C](C)C>>CC(C)C.C[C](C)C,False,,,45.013712500029186,36.0122
CCC(CC)C(C)C.CCC[CH]C(C)C,CCCCC(C)C.CC[C](CC)C(C)C,new_mr_21,CC(C)C.C[CH]C>>CCC.C[C](C)C,False,,,41.42315749999881,35.2818
CCC(CC)C(C)C.C[CH]C(C)(C)CC,CCC(C)(C)CC.CCC(CC)[C](C)C,new_mr_21,CC(C)C.C[CH]C>>CCC.C[C](C)C,False,,,45.16180249997632,35.2818
CCC(CC)C(C)C.CC[CH]C(C)C(C)C,CCCC(C)C(C)C.[CH2]CC(CC)C(C)C,new_mr_11,CC.C[CH]C>>CCC.[CH2]C,False,,,43.92060750000681,38.7519
CCC(CC)C(C)C.CCC[C](CC)CC,CCCC(CC)CC.CC[C](CC)C(C)C,new_mr_22,CC(C)C.C[C](C)C>>CC(C)C.C[C](C)C,False,,,46.1363099999771,36.0122
CCC(C)(C)C(C)C.[CH3],C.[CH2]C(C)(CC)C(C)C,new_mr_9,CC.[CH3]>>C.[CH2]C,False,,,35.46190749997926,35.97
CCC(C)(C)C(C)C.[H],[CH2]C(C)(CC)C(C)C.[H][H],new_mr_8,CC.[H]>>[CH2]C.[H][H],False,,,25.100627500011257,23.8237
CCC(C)(C)C(C)C.C[C](C)C,CC(C)C.C[CH]C(C)(C)C(C)C,new_mr_17,CCC.C[C](C)C>>CC(C)C.C[CH]C,False,,,40.759889999961274,37.7372
CCCCC.[CH3],C.C[CH]CCC,new_mr_14,CCC.[CH3]>>C.C[CH]C,False,,,29.906022500006344,30.4325
CCC(C)(C)C(C)C.CCC[C](C)CCC,CCCC(C)CCC.C[CH]C(C)(C)C(C)C,new_mr_17,CCC.C[C](C)C>>CC(C)C.C[CH]C,False,,,44.41037124994736,37.7372
CCC(C)(C)C(C)C.CCC[C](C)CCC,CCC(C)(C)[C](C)C.CCCC(C)CCC,new_mr_22,CC(C)C.C[C](C)C>>CC(C)C.C[C](C)C,False,,,45.36887749998854,36.0122
CC(C)C(C)C.[CH3],C.[CH2]C(C)C(C)C,new_mr_9,CC.[CH3]>>C.[CH2]C,False,,,34.02148124999556,35.97
CCC(C)(C)C(C)C.CCC[C](C)C(C)C,CCC(C)(C)[C](C)C.CCCC(C)C(C)C,new_mr_22,CC(C)C.C[C](C)C>>CC(C)C.C[C](C)C,False,,,48.255691249940895,36.0122
CCC(C)(CC)CC.[CH3],C.[CH2]CC(C)(CC)CC,new_mr_9,CC.[CH3]>>C.[CH2]C,False,,,33.9794387499947,35.97
CCC(C)(CC)CC.C[CH]C(CC)CCC,CCCC(CC)CC.[CH2]C(CC)(CC)CC,new_mr_11,CC.C[CH]C>>CCC.[CH2]C,False,,,48.697137499967766,38.7519
CCCCCCCC.[CH3],C.CC[CH]CCCCC,new_mr_14,CCC.[CH3]>>C.C[CH]C,False,,,31.1239999999988,30.4325
CCCCCCCC.[H],C[CH]CCCCCC.[H][H],new_mr_13,CCC.[H]>>C[CH]C.[H][H],False,,,22.259935000013797,21.2208
CCCCCCCC.[H],CCC[CH]CCCC.[H][H],new_mr_13,CCC.[H]>>C[CH]C.[H][H],False,,,22.975285000026844,21.2208
CCCCCCCC.C[CH]C(C)C,CCC(C)C.CC[CH]CCCCC,new_mr_16,CCC.C[CH]C>>CCC.C[CH]C,False,,,42.8554262499496,37.1712
CCCCCCCC.CC[CH]C(C)C(C)C,CCCC(C)C(C)C.CCC[CH]CCCC,new_mr_16,CCC.C[CH]C>>CCC.C[CH]C,False,,,41.5376762500307,37.1712
CCCCCCCC.CCC[C](C)C(C)C,CCCC(C)C(C)C.CC[CH]CCCCC,new_mr_17,CCC.C[C](C)C>>CC(C)C.C[CH]C,False,,,43.15066500002459,37.7372
CCCCCC(C)C.[H],[CH2]CCCCC(C)C.[H][H],new_mr_8,CC.[H]>>[CH2]C.[H][H],False,,,23.958577500041116,23.8237
CCCCCC(C)C.[H],CCCCC[C](C)C.[H][H],new_mr_18,CC(C)C.[H]>>C[C](C)C.[H][H],False,,,19.454382500034626,19.2624
CCC.[CH3],C.[CH2]CC,new_mr_9,CC.[CH3]>>C.[CH2]C,False,,,33.27036375000148,35.97
CCCCCC(C)C.CC[CH]C(C)CC,CCCC(C)CC.CCC[CH]CC(C)C,new_mr_16,CCC.C[CH]C>>CCC.C[CH]C,False,,,46.122505000047624,37.1712
CCC(C)[C](C)C.CCCCCC(C)C,CCC(C)C(C)C.C[CH]CCCC(C)C,new_mr_17,CCC.C[C](C)C>>CC(C)C.C[CH]C,False,,,40.71784749999608,37.7372
CCCCCC(C)C.C[CH]C(CC)CC,CCC(CC)CC.C[CH]CCCC(C)C,new_mr_16,CCC.C[CH]C>>CCC.C[CH]C,False,,,41.73941750005639,37.1712
CCCCCC(C)C.CCC[C](C)CCC,CCCC(C)CCC.CCCCC[C](C)C,new_mr_22,CC(C)C.C[C](C)C>>CC(C)C.C[C](C)C,False,,,41.60607375000069,36.0122
CCCCCC(C)C.CC[CH]CCC(C)C,CCCCCC(C)C.CCCCC[C](C)C,new_mr_21,CC(C)C.C[CH]C>>CCC.C[C](C)C,False,,,39.71980875005471,35.2818
CCCCC(C)C.C[C](C)C,CC(C)C.[CH2]CCCC(C)C,new_mr_12,CC.C[C](C)C>>CC(C)C.[CH2]C,False,,,40.97355374999253,37.4956
CCCCC(C)(C)C.[CH3],C.C[CH]CCC(C)(C)C,new_mr_14,CCC.[CH3]>>C.C[CH]C,False,,,31.322917499995953,30.4325
CCCCC(C)(C)C.[CH3],C.[CH2]C(C)(C)CCCC,new_mr_9,CC.[CH3]>>C.[CH2]C,False,,,36.1069774999914,35.97
CCCCC(C)(C)C.[H],CCC[CH]C(C)(C)C.[H][H],new_mr_13,CCC.[H]>>C[CH]C.[H][H],False,,,22.185890000022397,21.2208
CCCCC(C)(C)C.CC[C](C)C,CCC(C)C.[CH2]C(C)(C)CCCC,new_mr_12,CC.C[C](C)C>>CC(C)C.[CH2]C,False,,,47.0295562500047,37.4956
[CH2]CCCC(C)C,C=C.[CH2]CC(C)C,new_mr_34,[CH2]CCC>>C=C.[CH2]C,False,,,29.142982500006696,25.9484
[CH2]C(C)CC(C)CC,C=CCC(C)CC.[CH3],new_mr_37,[CH2]C(C)C>>C=CC.[CH3],False,,,31.841232500007095,30.002
CCC(C)C[C](C)C,C=C(C)C.C[CH]CC,new_mr_58,C[C](C)CC(C)C>>C=C(C)C.C[CH]C,False,,,25.409985000014927,25.4439
[CH2]C(C)(C)CCCC,C=C(C)CCCC.[CH3],new_mr_41,[CH2]C(C)(C)C>>C=C(C)C.[CH3],False,,,30.24675500000214,30.1589
C[CH]C(C)(C)CC,CC=C(C)C.[CH2]C,new_mr_54,C[CH]C(C)(C)CC>>CC=C(C)C.[CH2]C,False,,,27.593057500031932,27.5849
[CH2]C(C)(CC)C(C)C,C=C(CC)C(C)C.[CH3],new_mr_41,[CH2]C(C)(C)C>>C=C(C)C.[CH3],False,,,30.844762499990424,30.1589
CCC[CH]C(C)(C)C,CCCC=C(C)C.[CH3],new_mr_53,C[CH]C(C)(C)C>>CC=C(C)C.[CH3],False,,,31.387549999975448,29.7912
[CH2]CCCCCC,C=C.[CH2]CCCC,new_mr_34,[CH2]CCC>>C=C.[CH2]C,False,,,30.83660500001102,25.9484
C[C](C(C)C)C(C)C,CC=C(C)C(C)C.[CH3],new_mr_60,C[C](C)C(C)C>>CC=C(C)C.[CH3],False,,,28.605842500007412,28.8267
C[CH]C(C)C(C)CC,CC=CC(C)CC.[CH3],new_mr_49,C[CH]C(C)C>>CC=CC.[CH3],False,,,34.08077999998852,30.3007
CCC[CH]C(C)C,C=CC(C)C.[CH2]C,new_mr_46,C[CH]CCC>>C=CC.[CH2]C,False,,,29.186907500002803,28.5519
C[CH]C(CC)CC,C=CC(CC)CC.[H],new_mr_27,C[CH]C>>C=CC.[H],False,,,44.182902499986625,42.0394
C[CH]CC(C)(C)C,C=CCC(C)(C)C.[H],new_mr_27,C[CH]C>>C=CC.[H],False,,,41.8561325000114,42.0394
CC[CH]CCCCC,C=CCCCCC.[CH3],new_mr_45,C[CH]CC>>C=CC.[CH3],False,,,28.049249999985904,30.5367
CCC[C](C)CCC,C=C(C)CCC.[CH2]C,new_mr_57,CCC[C](C)C>>C=C(C)C.[CH2]C,False,,,28.609607499997907,28.4458
CCCC[C](C)CC,C=C(C)CC.[CH2]CC,new_mr_57,CCC[C](C)C>>C=C(C)C.[CH2]C,False,,,28.30087749999265,28.4458
C[CH]CCC,C=CC.[CH2]C,new_mr_46,C[CH]CCC>>C=CC.[CH2]C,False,,,29.78366000001209,28.5519
[CH2]CC(CC)C(C)C,C=C.CC[CH]C(C)C,new_mr_35,[CH2]CC(C)C>>C=C.C[CH]C,False,,,26.803662499991816,25.5556
C[CH]CC,CC=CC.[H],new_mr_28,C[CH]CC>>CC=CC.[H],False,,,40.47312249998974,39.503
C[CH]C(CC)C(C)C,CC=CC(C)C.[CH2]C,new_mr_50,C[CH]C(C)CC>>CC=CC.[CH2]C,False,,,30.135687499997204,29.1794
[CH2]CCC(C)CC,C=C.[CH2]C(C)CC,new_mr_34,[CH2]CCC>>C=C.[CH2]C,False,,,29.395865000010275,25.9484
[CH2]C(C)C(C)C,C=CC.C[CH]C,new_mr_39,[CH2]C(C)C(C)C>>C=CC.C[CH]C,False,,,24.897317499989526,24.6607
C[CH]C(C)(CC)CC,CC=C(CC)CC.[CH3],new_mr_53,C[CH]C(C)(C)C>>CC=C(C)C.[CH3],False,,,37.50002750002338,29.7912
CCC[CH]CCCC,C=CCCCC.[CH2]C,new_mr_46,C[CH]CCC>>C=CC.[CH2]C,False,,,30.429357499969143,28.5519
C[CH]CCCCCC,C=CC.[CH2]CCCC,new_mr_46,C[CH]CCC>>C=CC.[CH2]C,False,,,27.194595000003545,28.5519
[CH2]CCC(C)(C)CC,C=CCC(C)(C)CC.[H],new_mr_25,[CH2]CC>>C=CC.[H],False,,,37.31805249998345,40.4424
C[CH]C(C)C(C)(C)C,CC=CC(C)(C)C.[CH3],new_mr_49,C[CH]C(C)C>>CC=CC.[CH3],False,,,35.788834999992076,30.3007
CCC[CH]C(C)CC,CC=CCCC.[CH2]C,new_mr_50,C[CH]C(C)CC>>CC=CC.[CH2]C,False,,,30.311387499981635,29.1794
CC[CH]C(CC)CC,CCC=C(CC)CC.[H],new_mr_29,C[CH]C(C)C>>CC=C(C)C.[H],False,,,40.78248000001125,38.8943
[CH2]C(C)CC,C=CCC.[CH3],new_mr_37,[CH2]C(C)C>>C=CC.[CH3],False,,,31.262677500005367,30.002
CC[CH]C(C)C,CC=CCC.[CH3],new_mr_49,C[CH]C(C)C>>CC=CC.[CH3],False,,,29.83888000001535,30.3007
[CH2]C(C)(C)C(C)CC,C=C(C)C(C)CC.[CH3],new_mr_41,[CH2]C(C)(C)C>>C=C(C)C.[CH3],False,,,31.599645000010668,30.1589
C[CH]CCC(C)CC,C=CCCC(C)CC.[H],new_mr_27,C[CH]C>>C=CC.[H],False,,,43.436177499981454,42.0394
CC[CH]CCCC,C=CCCCC.[CH3],new_mr_45,C[CH]CC>>C=CC.[CH3],False,,,32.16439499997591,30.5367
[CH2]C(C)C(C)CC,C=CC.C[CH]CC,new_mr_39,[CH2]C(C)C(C)C>>C=CC.C[CH]C,False,,,25.80907500000606,24.6607
CCCC[CH]C(C)C,CCCCC=C(C)C.[H],new_mr_29,C[CH]C(C)C>>CC=C(C)C.[H],False,,,39.86946749999788,38.8943
CC[CH]C(C)CCC,CC=CCC.[CH2]CC,new_mr_50,C[CH]C(C)CC>>CC=CC.[CH2]C,False,,,28.35609750003158,29.1794
[CH2]C(CC)CCCC,C=C(CC)CCCC.[H],new_mr_26,[CH2]C(C)C>>C=C(C)C.[H],False,,,39.854407500000235,38.2919
[CH2]CC(C)CC(C)C,C=CC(C)CC(C)C.[H],new_mr_25,[CH2]CC>>C=CC.[H],False,,,40.19200250000395,40.4424
[CH2]C(C)CC(C)(C)C,C=CC.[CH2]C(C)(C)C,new_mr_38,[CH2]C(C)CC>>C=CC.[CH2]C,False,,,28.76773749999103,27.861
[CH2]C(C)(CC)CCC,C=C(C)CC.[CH2]CC,new_mr_42,[CH2]C(C)(C)CC>>C=C(C)C.[CH2]C,False,,,27.559172499974807,26.4052
CCC[CH]CCCC,CCC=CCCCC.[H],new_mr_28,C[CH]CC>>CC=CC.[H],False,,,41.8774674999932,39.503
[CH2]C(CC)CC,C=CCC.[CH2]C,new_mr_38,[CH2]C(C)CC>>C=CC.[CH2]C,False,,,28.526150000012436,27.861
CC[CH]C(C)(C)C,CCC=C(C)C.[CH3],new_mr_53,C[CH]C(C)(C)C>>CC=C(C)C.[CH3],False,,,29.913552499987333,29.7912
CC[CH]CC(C)CC,C=CCC(C)CC.[CH3],new_mr_45,C[CH]CC>>C=CC.[CH3],False,,,27.365902499999066,30.5367
[CH2]C(C)(CC)C(C)C,C=C(C)CC.C[CH]C,new_mr_43,[CH2]C(C)(C)C(C)C>>C=C(C)C.C[CH]C,False,,,24.275464999990106,22.9351
C[CH]C(CC)CCC,C=CC(CC)CCC.[H],new_mr_27,C[CH]C>>C=CC.[H],False,,,45.11599499998496,42.0394
[CH2]CCCCCCC,C=C.[CH2]CCCCC,new_mr_34,[CH2]CCC>>C=C.[CH2]C,False,,,28.17035750000116,25.9484
CCC[C](CC)CC,C=C(CC)CCC.[CH3],new_mr_56,CC[C](C)C>>C=C(C)C.[CH3],False,,,29.756049999992626,30.2166
CCC[C](C)C(C)C,C=C(C)C(C)C.[CH2]C,new_mr_57,CCC[C](C)C>>C=C(C)C.[CH2]C,False,,,25.195379999986045,28.4458
C[CH]CC(C)(C)CC,CC=CC(C)(C)CC.[H],new_mr_28,C[CH]CC>>CC=CC.[H],False,,,41.66599999999207,39.503
CCC(C)(C)[C](C)C,C=C(C)C(C)(C)CC.[H],new_mr_30,C[C](C)C>>C=C(C)C.[H],False,,,43.55540250000146,40.608
CC[CH]CC(C)CC,C=CCC.C[CH]CC,new_mr_47,C[CH]CC(C)C>>C=CC.C[CH]C,False,,,22.960852499991944,26.8012
CC[CH]CC(C)(C)C,C=CCC.C[C](C)C,new_mr_48,C[CH]CC(C)(C)C>>C=CC.C[C](C)C,False,,,23.444027500020468,22.9289
C[CH]CCCC,C=CC.[CH2]CC,new_mr_46,C[CH]CCC>>C=CC.[CH2]C,False,,,30.41492500000558,28.5519
C[CH]CC(CC)CC,CC=CC(CC)CC.[H],new_mr_28,C[CH]CC>>CC=CC.[H],False,,,41.635879999996774,39.503
C[CH]C(C)C(C)C,CC=C(C)C(C)C.[H],new_mr_29,C[CH]C(C)C>>CC=C(C)C.[H],False,,,42.705140000008015,38.8943
[CH2]C(C)CC(C)CC,C=CC.[CH2]C(C)CC,new_mr_38,[CH2]C(C)CC>>C=CC.[CH2]C,False,,,28.293347499975994,27.861
C[CH]CC(C)C(C)C,C=CC.C[CH]C(C)C,new_mr_47,C[CH]CC(C)C>>C=CC.C[CH]C,False,,,27.99591249997789,26.8012
CC(C)[CH]C(C)C,CC=CC(C)C.[CH3],new_mr_49,C[CH]C(C)C>>CC=CC.[CH3],False,,,28.06556500001605,30.3007
CC[C](C)CC,C=C(C)CC.[CH3],new_mr_56,CC[C](C)C>>C=C(C)C.[CH3],False,,,29.677612500012316,30.2166
[CH2]CC(C)(C)C(C)C,C=C.C[C](C)C(C)C,new_mr_36,[CH2]CC(C)(C)C>>C=C.C[C](C)C,False,,,22.974029999994343,22.8002
[CH2]C(C)(C)C(C)C,C=C(C)C.C[CH]C,new_mr_43,[CH2]C(C)(C)C(C)C>>C=C(C)C.C[CH]C,False,,,22.93512499998556,22.9351
C[C](C)C(C)C(C)C,CC=C(C)C.C[CH]C,new_mr_62,C[C](C)C(C)C(C)C>>CC=C(C)C.C[CH]C,False,,,26.100862500018422,26.1253
[CH2]C(C)C(C)(C)C,C=C(C)C(C)(C)C.[H],new_mr_26,[CH2]C(C)C>>C=C(C)C.[H],False,,,40.204552500007935,38.2919
C[CH]CCC(C)C,C=CCCC(C)C.[H],new_mr_27,C[CH]C>>C=CC.[H],False,,,42.22949499999615,42.0394
CC[C](C)C(C)CC,CC=C(C)CC.[CH2]C,new_mr_61,CCC(C)[C](C)C>>CC=C(C)C.[CH2]C,False,,,27.291857500007666,28.6749
[CH2]C(CC)C(C)C,C=CCC.C[CH]C,new_mr_39,[CH2]C(C)C(C)C>>C=CC.C[CH]C,False,,,24.467480000004684,24.6607
[CH2]CCC(C)(C)C,C=C.[CH2]C(C)(C)C,new_mr_34,[CH2]CCC>>C=C.[CH2]C,False,,,27.293740000002913,25.9484
[CH2]C(C)C(C)C(C)C,C=CC.C[CH]C(C)C,new_mr_39,[CH2]C(C)C(C)C>>C=CC.C[CH]C,False,,,25.647179999986776,24.6607
C[CH]C(C)(C)CCC,CC=C(C)C.[CH2]CC,new_mr_54,C[CH]C(C)(C)CC>>CC=C(C)C.[CH2]C,False,,,28.76899249998786,27.5849
C[CH]C(CC)C(C)C,CC=C(CC)C(C)C.[H],new_mr_29,C[CH]C(C)C>>CC=C(C)C.[H],False,,,42.40456750001783,38.8943
[CH2]CC(C)(CC)CC,C=C.CC[C](C)CC,new_mr_36,[CH2]CC(C)(C)C>>C=C.C[C](C)C,False,,,23.17796749997882,22.8002
[CH2]C(C)(CC)CCC,C=C(C)CCC.[CH2]C,new_mr_42,[CH2]C(C)(C)CC>>C=C(C)C.[CH2]C,False,,,27.353352499995083,26.4052
CCCC(C)[C](C)C,CC=C(C)C.[CH2]CC,new_mr_61,CCC(C)[C](C)C>>CC=C(C)C.[CH2]C,False,,,29.068937500015295,28.6749
CC[CH]C(C)CCC,C=CC(C)CCC.[CH3],new_mr_45,C[CH]CC>>C=CC.[CH3],False,,,31.344252500013425,30.5367
CCC[CH]CCCC,C=CCCC.[CH2]CC,new_mr_46,C[CH]CCC>>C=CC.[CH2]C,False,,,30.849154999979334,28.5519
CC[C](CC)C(C)C,CC=C(CC)CC.[CH3],new_mr_60,C[C](C)C(C)C>>CC=C(C)C.[CH3],False,,,30.052857500027983,28.8267
[CH2]C(C)C(C)CC,C=C(C)C(C)CC.[H],new_mr_26,[CH2]C(C)C>>C=C(C)C.[H],False,,,39.15913750000783,38.2919
[CH2]C(C)(C)CCC,C=C(C)CCC.[CH3],new_mr_41,[CH2]C(C)(C)C>>C=C(C)C.[CH3],False,,,29.869627499991225,30.1589
CCCC[CH]C(C)C,CC=CCCCC.[CH3],new_mr_49,C[CH]C(C)C>>CC=CC.[CH3],False,,,35.069719999988536,30.3007
C[CH]C(C)(C)CCC,C=CC(C)(C)CCC.[H],new_mr_27,C[CH]C>>C=CC.[H],False,,,43.759967499984356,42.0394
[CH2]C(C)C(CC)CC,C=CC(CC)CC.[CH3],new_mr_37,[CH2]C(C)C>>C=CC.[CH3],False,,,30.061642500005803,30.002
CCC(C)(C)[C](C)C,CCC(C)=C(C)C.[CH3],new_mr_63,C[C](C)C(C)(C)C>>CC(C)=C(C)C.[CH3],False,,,28.83425250000144,28.7395
[CH2]C(CC)CCC,C=CCCC.[CH2]C,new_mr_38,[CH2]C(C)CC>>C=CC.[CH2]C,False,,,28.110117499974905,27.861
[CH2]C(C)CCCCC,C=CCCCCC.[CH3],new_mr_37,[CH2]C(C)C>>C=CC.[CH3],False,,,29.8382524999991,30.002
CCC[C](C)C(C)C,CC=C(C)CCC.[CH3],new_mr_60,C[C](C)C(C)C>>CC=C(C)C.[CH3],False,,,28.398139999996772,28.8267
CCC[C](C)CC,C=C(CC)CCC.[H],new_mr_30,C[C](C)C>>C=C(C)C.[H],False,,,42.33805250000742,40.608
[CH2]C(C)(CC)C(C)C,C=C(C)C(C)C.[CH2]C,new_mr_42,[CH2]C(C)(C)CC>>C=C(C)C.[CH2]C,False,,,28.533052500012843,26.4052
[CH2]CCCCCCC,C=CCCCCCC.[H],new_mr_25,[CH2]CC>>C=CC.[H],False,,,39.647960000022096,40.4424
C[CH]C(CC)CCC,CC=CCCC.[CH2]C,new_mr_50,C[CH]C(C)CC>>CC=CC.[CH2]C,False,,,27.930025000001564,29.1794
CCC(C)[CH]C(C)C,CCC(C)=CC(C)C.[H],new_mr_29,C[CH]C(C)C>>CC=C(C)C.[H],False,,,38.780755000000084,38.8943
[CH2]C(C(C)C)C(C)C,C=C(C(C)C)C(C)C.[H],new_mr_26,[CH2]C(C)C>>C=C(C)C.[H],False,,,40.47688749999807,38.2919
[CH2]C(C)C,C=C(C)C.[H],new_mr_26,[CH2]C(C)C>>C=C(C)C.[H],False,,,38.29067750000682,38.2919
C[CH]CCCC,C=CCCCC.[H],new_mr_27,C[CH]C>>C=CC.[H],False,,,42.46292499999534,42.0394
C[C](C)CC(C)C,C=C(C)C.C[CH]C,new_mr_58,C[C](C)CC(C)C>>C=C(C)C.C[CH]C,False,,,25.43131999999673,25.4439
C[CH]CC(CC)CC,C=CC.CC[CH]CC,new_mr_47,C[CH]CC(C)C>>C=CC.C[CH]C,False,,,29.011835000016788,26.8012
[CH2]C(C)C(C)C(C)C,C=CC(C)C(C)C.[CH3],new_mr_37,[CH2]C(C)C>>C=CC.[CH3],False,,,32.563485000002714,30.002
[CH2]C(CC)C(C)C,C=CC(C)C.[CH2]C,new_mr_38,[CH2]C(C)CC>>C=CC.[CH2]C,False,,,27.95826250000161,27.861
[CH2]C(C)CCCC,C=C(C)CCCC.[H],new_mr_26,[CH2]C(C)C>>C=C(C)C.[H],False,,,38.67658999997772,38.2919
[CH2]C(C)C(C)C(C)C,C=C(C)C(C)C(C)C.[H],new_mr_26,[CH2]C(C)C>>C=C(C)C.[H],False,,,41.91950999999406,38.2919
[CH2]C(C)C(C)(C)C,C=CC.C[C](C)C,new_mr_40,[CH2]C(C)C(C)(C)C>>C=CC.C[C](C)C,False,,,21.9706574999951,21.975
CCCC[C](C)C,C=C(C)C.[CH2]CC,new_mr_57,CCC[C](C)C>>C=C(C)C.[CH2]C,False,,,28.326604999999034,28.4458
CC[C](C)C(C)CC,CCC=C(C)CC.[CH3],new_mr_60,C[C](C)C(C)C>>CC=C(C)C.[CH3],False,,,31.80985750001497,28.8267
CC[CH]C(C)C(C)C,CC=CC(C)C(C)C.[H],new_mr_28,C[CH]CC>>CC=CC.[H],False,,,43.05026499999272,39.503
[CH2]CCC(CC)CC,C=C.[CH2]C(CC)CC,new_mr_34,[CH2]CCC>>C=C.[CH2]C,False,,,29.38331500000629,25.9484
[CH2]C(C)(C)CCCC,C=C(C)C.[CH2]CCC,new_mr_42,[CH2]C(C)(C)CC>>C=C(C)C.[CH2]C,False,,,27.55415249998748,26.4052
CC[C](CC)CC,C=C(CC)CC.[CH3],new_mr_56,CC[C](C)C>>C=C(C)C.[CH3],False,,,28.67863250000198,30.2166
C[CH]C(C)CC,CC=CC.[CH2]C,new_mr_50,C[CH]C(C)CC>>CC=CC.[CH2]C,False,,,28.08439000000419,29.1794
[CH2]CCCCC,C=C.[CH2]CCC,new_mr_34,[CH2]CCC>>C=C.[CH2]C,False,,,27.913710000007086,25.9484
[CH2]CC(C)(C)CC,C=C.CC[C](C)C,new_mr_36,[CH2]CC(C)(C)C>>C=C.C[C](C)C,False,,,22.686007500008145,22.8002
C[CH]CC(CC)CC,C=CCC(CC)CC.[H],new_mr_27,C[CH]C>>C=CC.[H],False,,,41.379860000001116,42.0394
C[CH]CCC(C)(C)C,C=CC.[CH2]C(C)(C)C,new_mr_46,C[CH]CCC>>C=CC.[CH2]C,False,,,31.549444999994734,28.5519
C[CH]C(C)C(C)CC,CC=CC.C[CH]CC,new_mr_51,C[CH]C(C)C(C)C>>CC=CC.C[CH]C,False,,,23.925320000018075,26.0827
CCC[CH]C(C)C,CCC=CC(C)C.[H],new_mr_28,C[CH]CC>>CC=CC.[H],False,,,40.57163999997286,39.503
[CH2]CCCCC(C)C,C=C.[CH2]CCC(C)C,new_mr_34,[CH2]CCC>>C=C.[CH2]C,False,,,28.610862499994738,25.9484
[CH2]C(C)(C)CC,C=C(C)C.[CH2]C,new_mr_42,[CH2]C(C)(C)CC>>C=C(C)C.[CH2]C,False,,,25.86366749999307,26.4052
[CH2]C(C)C(C)(C)C,C=CC(C)(C)C.[CH3],new_mr_37,[CH2]C(C)C>>C=CC.[CH3],False,,,31.97991000001366,30.002
[CH2]CC(C)(C)C,C=CC(C)(C)C.[H],new_mr_25,[CH2]CC>>C=CC.[H],False,,,40.950649999996855,40.4424
C[C](C(C)C)C(C)C,C=C(C(C)C)C(C)C.[H],new_mr_30,C[C](C)C>>C=C(C)C.[H],False,,,40.701532500001605,40.608
[CH2]C(C)(CC)CCC,C=C(CC)CCC.[CH3],new_mr_41,[CH2]C(C)(C)C>>C=C(C)C.[CH3],False,,,30.920062499978656,30.1589
CCCCC[C](C)C,C=C(C)CCCCC.[H],new_mr_30,C[C](C)C>>C=C(C)C.[H],False,,,41.002105000027456,40.608
C[CH]C(CC)C(C)C,CC=CCC.C[CH]C,new_mr_51,C[CH]C(C)C(C)C>>CC=CC.C[CH]C,False,,,23.588352500012775,26.0827
CCC(C)[C](C)C,CCC=C(C)C.[CH3],new_mr_60,C[C](C)C(C)C>>CC=C(C)C.[CH3],False,,,29.567172500005796,28.8267
[CH2]C(C)C(C)C,C=CC(C)C.[CH3],new_mr_37,[CH2]C(C)C>>C=CC.[CH3],False,,,31.994342499995057,30.002
CC[CH]C(C)(C)CC,CCC=C(C)CC.[CH3],new_mr_53,C[CH]C(C)(C)C>>CC=C(C)C.[CH3],False,,,31.790404999992745,29.7912
C[C](C)CCC(C)C,C=C(C)C.[CH2]C(C)C,new_mr_57,CCC[C](C)C>>C=C(C)C.[CH2]C,False,,,28.884452499981705,28.4458
C[CH]C(C)CC(C)C,CC=CC.[CH2]C(C)C,new_mr_50,C[CH]C(C)CC>>CC=CC.[CH2]C,False,,,28.24001000000365,29.1794
C[CH]CCC,CC=CCC.[H],new_mr_28,C[CH]CC>>CC=CC.[H],False,,,41.586307500014925,39.503
CCC[C](CC)CC,C=C(CC)CC.[CH2]C,new_mr_57,CCC[C](C)C>>C=C(C)C.[CH2]C,False,,,26.37758999999747,28.4458
CC[CH]C(C)CC,CC=CCC.[CH2]C,new_mr_50,C[CH]C(C)CC>>CC=CC.[CH2]C,False,,,27.837154999986353,29.1794
CC[CH]CCCC,CC=CCCCC.[H],new_mr_28,C[CH]CC>>CC=CC.[H],False,,,41.082424999967344,39.503
CCC[CH]C(C)CC,C=CC(C)CC.[CH2]C,new_mr_46,C[CH]CCC>>C=CC.[CH2]C,False,,,31.20683000000369,28.5519
CCC[CH]C(C)CC,CCCC=C(C)CC.[H],new_mr_29,C[CH]C(C)C>>CC=C(C)C.[H],False,,,42.308559999974875,38.8943
CC[CH]C(CC)CC,CCC=CCC.[CH2]C,new_mr_50,C[CH]C(C)CC>>CC=CC.[CH2]C,False,,,29.215772500001265,29.1794
[CH2]C(C)C(CC)CC,C=C(C)C(CC)CC.[H],new_mr_26,[CH2]C(C)C>>C=C(C)C.[H],False,,,40.5797975000236,38.2919
CC(C)[CH]CC(C)C,CC(C)=CCC(C)C.[H],new_mr_29,C[CH]C(C)C>>CC=C(C)C.[H],False,,,39.655490000003084,38.8943
C[CH]CC(C)(C)CC,C=CC.CC[C](C)C,new_mr_48,C[CH]CC(C)(C)C>>C=CC.C[C](C)C,False,,,24.942497499982466,22.9289
C[CH]CC,C=CC.[CH3],new_mr_45,C[CH]CC>>C=CC.[CH3],False,,,31.50991250000537,30.5367
CC[C](C)C(C)(C)C,C=C(C)C(C)(C)C.[CH3],new_mr_56,CC[C](C)C>>C=C(C)C.[CH3],False,,,28.68177000002973,30.2166
CC[CH]CC(C)CC,CCC=CC(C)CC.[H],new_mr_28,C[CH]CC>>CC=CC.[H],False,,,37.55085500000206,39.503
[CH2]C(C)(C)CC(C)C,C=C(C)CC(C)C.[CH3],new_mr_41,[CH2]C(C)(C)C>>C=C(C)C.[CH3],False,,,30.434377500027807,30.1589
[CH2]C(C)CCCCC,C=C(C)CCCCC.[H],new_mr_26,[CH2]C(C)C>>C=C(C)C.[H],False,,,38.63266500001728,38.2919
CCC[C](C)CC,C=C(C)CC.[CH2]C,new_mr_57,CCC[C](C)C>>C=C(C)C.[CH2]C,False,,,28.209890000008357,28.4458
[CH2]CCC,C=CCC.[H],new_mr_25,[CH2]CC>>C=CC.[H],False,,,40.6444300000031,40.4424
[CH2]C(CC)CCC,C=C(CC)CCC.[H],new_mr_26,[CH2]C(C)C>>C=C(C)C.[H],False,,,39.55006999998389,38.2919
CCC[CH]CCC,C=CCCC.[CH2]C,new_mr_46,C[CH]CCC>>C=CC.[CH2]C,False,,,31.161022499976667,28.5519
[CH2]C(CC)C(C)(C)C,C=CC(C)(C)C.[CH2]C,new_mr_38,[CH2]C(C)CC>>C=CC.[CH2]C,False,,,29.7773850000101,27.861
CC[CH]C(C)(C)C,CC=CC(C)(C)C.[H],new_mr_28,C[CH]CC>>CC=CC.[H],False,,,39.652352499975336,39.503
CC[CH]C(C)CCC,CCC=CCCC.[CH3],new_mr_49,C[CH]C(C)C>>CC=CC.[CH3],False,,,29.302995000030734,30.3007
[CH2]C(C)CC(C)(C)C,C=CCC(C)(C)C.[CH3],new_mr_37,[CH2]C(C)C>>C=CC.[CH3],False,,,28.86939249998406,30.002
CC[C](CC)C(C)C,C=C(CC)C(C)C.[CH3],new_mr_56,CC[C](C)C>>C=C(C)C.[CH3],False,,,30.008932499996206,30.2166
[CH2]C(C)CCC(C)C,C=CCCC(C)C.[CH3],new_mr_37,[CH2]C(C)C>>C=CC.[CH3],False,,,29.74663750001639,30.002
[CH2]C(C)C(C)CC,C=CC(C)CC.[CH3],new_mr_37,[CH2]C(C)C>>C=CC.[CH3],False,,,31.059994999982052,30.002
[CH2]CCCC(C)CC,C=CCCC(C)CC.[H],new_mr_25,[CH2]CC>>C=CC.[H],False,,,36.9101775000145,40.4424
CCCC[CH]C(C)C,C=CC(C)C.[CH2]CC,new_mr_46,C[CH]CCC>>C=CC.[CH2]C,False,,,29.80373999997923,28.5519
C[C](C)C(C)C(C)C,CC(C)=CC(C)C.[CH3],new_mr_60,C[C](C)C(C)C>>CC=C(C)C.[CH3],False,,,32.692749999997375,28.8267
[CH2]CC,C=C.[CH3],new_mr_33,[CH2]CC>>C=C.[CH3],False,,,28.630942499997545,31.3725
[CH2]CCCC(C)(C)C,C=CCCC(C)(C)C.[H],new_mr_25,[CH2]CC>>C=CC.[H],False,,,38.09615249998075,40.4424
C[CH]C,C=CC.[H],new_mr_27,C[CH]C>>C=CC.[H],False,,,42.04375499999248,42.0394
[CH2]C(C)CCCC,C=CCCCC.[CH3],new_mr_37,[CH2]C(C)C>>C=CC.[CH3],False,,,29.779894999968093,30.002
CC[C](C)CC(C)C,C=C(C)CC.C[CH]C,new_mr_58,C[C](C)CC(C)C>>C=C(C)C.C[CH]C,False,,,25.699889999996373,25.4439
[CH2]CCCC(C)C,C=CCCC(C)C.[H],new_mr_25,[CH2]CC>>C=CC.[H],False,,,40.3909200000011,40.4424
[CH2]C(CC)C(C)C,C=C(CC)C(C)C.[H],new_mr_26,[CH2]C(C)C>>C=C(C)C.[H],False,,,38.809619999998546,38.2919
[CH2]C(C)(CC)CC,C=C(CC)CC.[CH3],new_mr_41,[CH2]C(C)(C)C>>C=C(C)C.[CH3],False,,,30.985322499992236,30.1589
[CH2]CCC(C)C,C=C.[CH2]C(C)C,new_mr_34,[CH2]CCC>>C=C.[CH2]C,False,,,29.946182499994123,25.9484
CCC[CH]CC(C)C,C=CCCC.C[CH]C,new_mr_47,C[CH]CC(C)C>>C=CC.C[CH]C,False,,,27.28244499999576,26.8012
CC(C)[CH]C(C)C,CC(C)=CC(C)C.[H],new_mr_29,C[CH]C(C)C>>CC=C(C)C.[H],False,,,37.016852499994854,38.8943
C[CH]C(C)C(C)C,CC=CC.C[CH]C,new_mr_51,C[CH]C(C)C(C)C>>CC=CC.C[CH]C,False,,,24.64820000001211,26.0827
C[CH]CCCC,CC=CCCC.[H],new_mr_28,C[CH]CC>>CC=CC.[H],False,,,41.41374500000474,39.503
C[CH]CC(C)C(C)C,C=CCC(C)C(C)C.[H],new_mr_27,C[CH]C>>C=CC.[H],False,,,42.424647500002806,42.0394
CCC(C)[CH]C(C)C,CC=CC(C)C.[CH2]C,new_mr_50,C[CH]C(C)CC>>CC=CC.[CH2]C,False,,,28.049250000021573,29.1794
CC[CH]CCC,C=CCC.[CH2]C,new_mr_46,C[CH]CCC>>C=CC.[CH2]C,False,,,30.426847499993315,28.5519
C[CH]CC(C)C,C=CC.C[CH]C,new_mr_47,C[CH]CC(C)C>>C=CC.C[CH]C,False,,,26.716439999998016,26.8012
CC[C](C)C(C)C,CCC(C)=C(C)C.[H],new_mr_32,C[C](C)C(C)C>>CC(C)=C(C)C.[H],False,,,37.626782500024376,38.9652
[CH2]C(C)(C)C(C)(C)C,C=C(C)C(C)(C)C.[CH3],new_mr_41,[CH2]C(C)(C)C>>C=C(C)C.[CH3],False,,,30.350292499990417,30.1589
CCC[CH]C(C)C,CCCC=C(C)C.[H],new_mr_29,C[CH]C(C)C>>CC=C(C)C.[H],False,,,38.616349999987136,38.8943
CC[CH]CC(C)C,CCC=CC(C)C.[H],new_mr_28,C[CH]CC>>CC=CC.[H],False,,,41.61642750001022,39.503
[CH2]CCCCCC,C=CCCCCC.[H],new_mr_25,[CH2]CC>>C=CC.[H],False,,,44.89511500000759,40.4424
CC[C](C)C(C)CC,C=C(C)C(C)CC.[CH3],new_mr_56,CC[C](C)C>>C=C(C)C.[CH3],False,,,30.110587499989236,30.2166
CC[C](C)C(C)C,C=C(C)C(C)C.[CH3],new_mr_56,CC[C](C)C>>C=C(C)C.[CH3],False,,,28.734480000003657,30.2166
CC[CH]C(C)C(C)C,CC=CCC.C[CH]C,new_mr_51,C[CH]C(C)C(C)C>>CC=CC.C[CH]C,False,,,27.003207499987383,26.0827
CC[CH]CCC(C)C,C=CCCC(C)C.[CH3],new_mr_45,C[CH]CC>>C=CC.[CH3],False,,,31.508657499990704,30.5367
C[CH]C(C)(C)C(C)C,CC=C(C)C(C)C.[CH3],new_mr_53,C[CH]C(C)(C)C>>CC=C(C)C.[CH3],False,,,29.85582250002608,29.7912
C[CH]C(C)(C)CC,CC=C(C)CC.[CH3],new_mr_53,C[CH]C(C)(C)C>>CC=C(C)C.[CH3],False,,,31.268325000026778,29.7912
C[CH]CCCC(C)C,CC=CCCC(C)C.[H],new_mr_28,C[CH]CC>>CC=CC.[H],False,,,40.35327000002482,39.503
C[CH]C(C)CCC,CC=CCCC.[CH3],new_mr_49,C[CH]C(C)C>>CC=CC.[CH3],False,,,30.545444999997073,30.3007
C[CH]C(C)C(C)(C)C,CC=CC.C[C](C)C,new_mr_52,C[CH]C(C)C(C)(C)C>>CC=CC.C[C](C)C,False,,,23.97865749999042,23.9749
CC(C)[CH]C(C)(C)C,CC(C)=CC(C)C.[CH3],new_mr_53,C[CH]C(C)(C)C>>CC=C(C)C.[CH3],False,,,29.683887499996473,29.7912
[CH2]C(C)CC,C=CC.[CH2]C,new_mr_38,[CH2]C(C)CC>>C=CC.[CH2]C,False,,,27.876687500011386,27.861
[CH2]C(C)C(C)(C)CC,C=C(C)C(C)(C)CC.[H],new_mr_26,[CH2]C(C)C>>C=C(C)C.[H],False,,,39.41390250000666,38.2919
C[CH]CCCCCC,CC=CCCCCC.[H],new_mr_28,C[CH]CC>>CC=CC.[H],False,,,37.34691749998191,39.503
CCC[CH]C(C)CC,CCC=CCCC.[CH3],new_mr_49,C[CH]C(C)C>>CC=CC.[CH3],False,,,36.71941749999675,30.3007
[CH2]CC(C)CCC,C=CC(C)CCC.[H],new_mr_25,[CH2]CC>>C=CC.[H],False,,,37.19129750001812,40.4424
[CH2]CC(C)C(C)(C)C,C=CC(C)C(C)(C)C.[H],new_mr_25,[CH2]CC>>C=CC.[H],False,,,42.51688999998393,40.4424
CC[CH]C(C)C,CCC=C(C)C.[H],new_mr_29,C[CH]C(C)C>>CC=C(C)C.[H],False,,,39.19302250001145,38.8943
C[C](C)CC(C)(C)C,C=C(C)C.C[C](C)C,new_mr_59,C[C](C)CC(C)(C)C>>C=C(C)C.C[C](C)C,False,,,22.338372499994108,22.3315
CCCCC[C](C)C,C=C(C)C.[CH2]CCC,new_mr_57,CCC[C](C)C>>C=C(C)C.[CH2]C,False,,,28.71942000000601,28.4458
[CH2]CCCC,C=CCCC.[H],new_mr_25,[CH2]CC>>C=CC.[H],False,,,38.16643249999949,40.4424
C[CH]C(C)(CC)CC,CC=C(C)CC.[CH2]C,new_mr_54,C[CH]C(C)(C)CC>>CC=C(C)C.[CH2]C,False,,,29.14235500000828,27.5849
C[CH]C(CC)CCC,CC=C(CC)CCC.[H],new_mr_29,C[CH]C(C)C>>CC=C(C)C.[H],False,,,44.399390000010754,38.8943
C[CH]C(CC)CC,CC=CCC.[CH2]C,new_mr_50,C[CH]C(C)CC>>CC=CC.[CH2]C,False,,,28.518619999977943,29.1794
C[CH]CC(C)(C)C,C=CC.C[C](C)C,new_mr_48,C[CH]CC(C)(C)C>>C=CC.C[C](C)C,False,,,23.70381250000662,22.9289
CCCC[C](C)CC,C=C(C)CCCC.[CH3],new_mr_56,CC[C](C)C>>C=C(C)C.[CH3],False,,,30.10995999999082,30.2166
[CH2]C(C)C(C)CCC,C=C(C)C(C)CCC.[H],new_mr_26,[CH2]C(C)C>>C=C(C)C.[H],False,,,38.337739999977174,38.2919
C[C](C)C(C)C,CC=C(C)C.[CH3],new_mr_60,C[C](C)C(C)C>>CC=C(C)C.[CH3],False,,,28.821702499997457,28.8267
CCC[CH]C(C)C,CC=CCCC.[CH3],new_mr_49,C[CH]C(C)C>>CC=CC.[CH3],False,,,32.983282499977236,30.3007
[CH2]CC(C)(C)C,C=C.C[C](C)C,new_mr_36,[CH2]CC(C)(C)C>>C=C.C[C](C)C,False,,,22.855432499990584,22.8002
[CH2]C(C)(C)CC,C=C(C)CC.[CH3],new_mr_41,[CH2]C(C)(C)C>>C=C(C)C.[CH3],False,,,30.17835749999648,30.1589
C[CH]C(C)(C)C,CC=C(C)C.[CH3],new_mr_53,C[CH]C(C)(C)C>>CC=C(C)C.[CH3],False,,,29.837625000000685,29.7912
CC[C](C)C(C)C,CC=C(C)CC.[CH3],new_mr_60,C[C](C)C(C)C>>CC=C(C)C.[CH3],False,,,28.357980000026828,28.8267
[CH2]C(C)(C)C(C)(C)C,C=C(C)C.C[C](C)C,new_mr_44,[CH2]C(C)(C)C(C)(C)C>>C=C(C)C.C[C](C)C,False,,,19.771269999983616,19.7907
[CH2]C,C=C.[H],new_mr_24,[CH2]C>>C=C.[H],False,,,41.92641250000339,41.9584
CCC[CH]C(C)(C)C,C=CC(C)(C)C.[CH2]C,new_mr_46,C[CH]CCC>>C=CC.[CH2]C,False,,,29.038189999985917,28.5519
CCC[CH]CC(C)C,C=CCC(C)C.[CH2]C,new_mr_46,C[CH]CCC>>C=CC.[CH2]C,False,,,29.190672499993298,28.5519
[CH2]CC(C)CCCC,C=C.C[CH]CCCC,new_mr_35,[CH2]CC(C)C>>C=C.C[CH]C,False,,,25.03034749997468,25.5556
[CH2]C(C)(C)CCC,C=C(C)C.[CH2]CC,new_mr_42,[CH2]C(C)(C)CC>>C=C(C)C.[CH2]C,False,,,27.121805000008976,26.4052
[CH2]CCC(C)CCC,C=C.[CH2]C(C)CCC,new_mr_34,[CH2]CCC>>C=C.[CH2]C,False,,,29.063289999993884,25.9484
CCC(CC)[C](C)C,CCC=C(C)C.[CH2]C,new_mr_61,CCC(C)[C](C)C>>CC=C(C)C.[CH2]C,False,,,28.60207749998125,28.6749
C[CH]C(C)CCC,CC=CC.[CH2]CC,new_mr_50,C[CH]C(C)CC>>CC=CC.[CH2]C,False,,,29.03505249999384,29.1794
[CH2]C(C)C(C)(C)CC,C=CC.CC[C](C)C,new_mr_40,[CH2]C(C)C(C)(C)C>>C=CC.C[C](C)C,False,,,20.074980000001545,21.975
CC[CH]C(C)CC,CCC=CCC.[CH3],new_mr_49,C[CH]C(C)C>>CC=CC.[CH3],False,,,34.723967499969746,30.3007
CC[CH]CCCC,C=CCC.[CH2]CC,new_mr_46,C[CH]CCC>>C=CC.[CH2]C,False,,,30.18839749997113,28.5519
C[CH]CC(C)CCC,C=CC.C[CH]CCC,new_mr_47,C[CH]CC(C)C>>C=CC.C[CH]C,False,,,27.595567499989926,26.8012
CC[CH]C(C)C,C=CC(C)C.[CH3],new_mr_45,C[CH]CC>>C=CC.[CH3],False,,,32.45304500001403,30.5367
C[CH]C(C)CCCC,CC=CCCCC.[CH3],new_mr_49,C[CH]C(C)C>>CC=CC.[CH3],False,,,31.18361250002664,30.3007
C[CH]C(CC)CC,CC=C(CC)CC.[H],new_mr_29,C[CH]C(C)C>>CC=C(C)C.[H],False,,,43.00131999997362,38.8943
C[CH]C(CC)CCC,CC=CCC.[CH2]CC,new_mr_50,C[CH]C(C)CC>>CC=CC.[CH2]C,False,,,28.108862500013743,29.1794
CCC[C](C)CCC,C=C(CCC)CCC.[H],new_mr_30,C[C](C)C>>C=C(C)C.[H],False,,,42.05505000000855,40.608
CC[CH]C(C)(C)CC,CCC=C(C)C.[CH2]C,new_mr_54,C[CH]C(C)(C)CC>>CC=C(C)C.[CH2]C,False,,,29.407159999981758,27.5849
C[CH]C(C)CC(C)C,CC=CCC(C)C.[CH3],new_mr_49,C[CH]C(C)C>>CC=CC.[CH3],False,,,29.737225000004486,30.3007
[CH2]C(C)C(C)CCC,C=CC.C[CH]CCC,new_mr_39,[CH2]C(C)C(C)C>>C=CC.C[CH]C,False,,,28.025404999974768,24.6607
CCC(C)[C](C)C,CC=C(C)C.[CH2]C,new_mr_61,CCC(C)[C](C)C>>CC=C(C)C.[CH2]C,False,,,27.706007499996446,28.6749
[CH2]CCCC,C=C.[CH2]CC,new_mr_34,[CH2]CCC>>C=C.[CH2]C,False,,,26.7553450000068,25.9484
[CH2]C(C)CCC,C=CCCC.[CH3],new_mr_37,[CH2]C(C)C>>C=CC.[CH3],False,,,29.835742500005438,30.002
CCC[C](C)C,C=C(C)C.[CH2]C,new_mr_57,CCC[C](C)C>>C=C(C)C.[CH2]C,False,,,28.458380000005192,28.4458
CCC(C)(C)[C](C)C,CC(C)=C(C)C.[CH2]C,new_mr_64,CCC(C)(C)[C](C)C>>CC(C)=C(C)C.[CH2]C,False,,,26.63737500001929,26.7924
CCC[C](C)CC,C=C(C)CCC.[CH3],new_mr_56,CC[C](C)C>>C=C(C)C.[CH3],False,,,30.27122750001169,30.2166
[CH2]CCC,C=C.[CH2]C,new_mr_34,[CH2]CCC>>C=C.[CH2]C,False,,,28.951595000008368,25.9484
CC[C](C)C(C)(C)C,CCC(C)=C(C)C.[CH3],new_mr_63,C[C](C)C(C)(C)C>>CC(C)=C(C)C.[CH3],False,,,28.41131749999917,28.7395
[CH2]CC(C)C,C=CC(C)C.[H],new_mr_25,[CH2]CC>>C=CC.[H],False,,,40.40597999999875,40.4424
[CH2]C(CC)C(C)(C)C,C=CCC.C[C](C)C,new_mr_40,[CH2]C(C)C(C)(C)C>>C=CC.C[C](C)C,False,,,21.185027499981146,21.975
[CH2]C(C)(C)C,C=C(C)C.[CH3],new_mr_41,[CH2]C(C)(C)C>>C=C(C)C.[CH3],False,,,30.12941249999521,30.1589
[CH2]C(C)C(CC)CC,C=CC.CC[CH]CC,new_mr_39,[CH2]C(C)C(C)C>>C=CC.C[CH]C,False,,,24.131767499996215,24.6607
CCC[C](C)C(C)C,C=C(CCC)C(C)C.[H],new_mr_30,C[C](C)C>>C=C(C)C.[H],False,,,40.3683299999868,40.608
CC(C)[CH]CC(C)C,C=CC(C)C.C[CH]C,new_mr_47,C[CH]CC(C)C>>C=CC.C[CH]C,False,,,29.88343249999204,26.8012
C[CH]C(C)CCCC,CC=CC.[CH2]CCC,new_mr_50,C[CH]C(C)CC>>CC=CC.[CH2]C,False,,,29.42410250001032,29.1794
C[CH]CC(C)(C)CC,C=CCC(C)(C)CC.[H],new_mr_27,C[CH]C>>C=CC.[H],False,,,42.52442000000059,42.0394
[CH2]C(C)(C)CC(C)C,C=C(C)C.[CH2]C(C)C,new_mr_42,[CH2]C(C)(C)CC>>C=C(C)C.[CH2]C,False,,,25.944615000020548,26.4052
CCCC(C)[C](C)C,CCCC=C(C)C.[CH3],new_mr_60,C[C](C)C(C)C>>CC=C(C)C.[CH3],False,,,31.053719999997895,28.8267
CC[CH]C(C)(C)C,C=CC(C)(C)C.[CH3],new_mr_45,C[CH]CC>>C=CC.[CH3],False,,,30.47767499998983,30.5367
[CH2]C(CC)CCCC,C=CCCCC.[CH2]C,new_mr_38,[CH2]C(C)CC>>C=CC.[CH2]C,False,,,28.402532499985682,27.861
[CH2]CC(C)(C)CCC,C=C.CCC[C](C)C,new_mr_36,[CH2]CC(C)(C)C>>C=C.C[C](C)C,False,,,23.00352250002689,22.8002
CC[C](C)CC(C)C,C=C(C)CC(C)C.[CH3],new_mr_56,CC[C](C)C>>C=C(C)C.[CH3],False,,,31.62976500000596,30.2166
[CH2]C(CCC)CCC,C=CCCC.[CH2]CC,new_mr_38,[CH2]C(C)CC>>C=CC.[CH2]C,False,,,29.246519999994973,27.861
[CH2]C(CC)C(C)CC,C=CC(C)CC.[CH2]C,new_mr_38,[CH2]C(C)CC>>C=CC.[CH2]C,False,,,28.758325000014793,27.861
[CH2]CCCC(C)(C)C,C=C.[CH2]CC(C)(C)C,new_mr_34,[CH2]CCC>>C=C.[CH2]C,False,,,26.527562499975517,25.9484
CC[CH]CC(C)(C)C,C=CCC(C)(C)C.[CH3],new_mr_45,C[CH]CC>>C=CC.[CH3],False,,,30.682867500006807,30.5367
[CH2]CC(C)C(C)CC,C=CC(C)C(C)CC.[H],new_mr_25,[CH2]CC>>C=CC.[H],False,,,41.68294250002063,40.4424
[CH2]C(C(C)C)C(C)C,C=CC(C)C.C[CH]C,new_mr_39,[CH2]C(C)C(C)C>>C=CC.C[CH]C,False,,,24.06148749999531,24.6607
[CH2]C(C)(CC)CC,C=C(C)CC.[CH2]C,new_mr_42,[CH2]C(C)(C)CC>>C=C(C)C.[CH2]C,False,,,27.46692999999368,26.4052
[CH2]C(C)C,C=CC.[CH3],new_mr_37,[CH2]C(C)C>>C=CC.[CH3],False,,,29.991362500004897,30.002
C[CH]C(C)C(C)C,CC=CC(C)C.[CH3],new_mr_49,C[CH]C(C)C>>CC=CC.[CH3],False,,,34.194985000021205,30.3007
[CH2]CCC,[CH2]CCC,new_mr_10,CC.[CH2]C>>CC.[CH2]C,True,1-4,-8.656372500008409,26.04376000000208,36.7571
C[CH]CCC,[CH2]CCCC,new_mr_11,CC.C[CH]C>>CCC.[CH2]C,True,1-4,-8.656372500008409,30.09552749999159,38.7519
[CH2]C(C)CC,[CH2]CC(C)C,new_mr_10,CC.[CH2]C>>CC.[CH2]C,True,1-4,-8.656372500008409,26.508737499987376,36.7571
[CH2]CC(C)C,[CH2]C(C)CC,new_mr_10,CC.[CH2]C>>CC.[CH2]C,True,1-4,-8.656372500008409,27.367157499995898,36.7571
[CH2]CCCC,C[CH]CCC,new_mr_15,CCC.[CH2]C>>CC.C[CH]C,True,1-4,-8.656372500008409,23.84751000000051,34.1203
CCC[C](C)C,[CH2]CCC(C)C,new_mr_12,CC.C[C](C)C>>CC(C)C.[CH2]C,True,1-4,-8.656372500008409,31.53124750000501,37.4956
CC[CH]CCC,[CH2]CCCCC,new_mr_11,CC.C[CH]C>>CCC.[CH2]C,True,1-4,-8.656372500008409,28.074977499992286,38.7519
C[CH]C(C)CC,[CH2]CC(C)CC,new_mr_11,CC.C[CH]C>>CCC.[CH2]C,True,1-4,-8.656372500008409,28.469675000012344,38.7519
C[CH]CC(C)C,[CH2]C(C)CCC,new_mr_11,CC.C[CH]C>>CCC.[CH2]C,True,1-4,-8.656372500008409,30.218517500002093,38.7519
C[CH]CCCC,C[CH]CCCC,new_mr_16,CCC.C[CH]C>>CCC.C[CH]C,True,1-4,-8.656372500008409,27.23036249998458,37.1712
[CH2]C(C)(C)CC,[CH2]CC(C)(C)C,new_mr_10,CC.[CH2]C>>CC.[CH2]C,True,1-4,-8.656372500008409,25.98728500000199,36.7571
[CH2]C(C)C(C)C,[CH2]C(C)C(C)C,new_mr_10,CC.[CH2]C>>CC.[CH2]C,True,1-4,-8.656372500008409,24.537759999987756,36.7571
[CH2]C(C)CCC,C[CH]CC(C)C,new_mr_15,CCC.[CH2]C>>CC.C[CH]C,True,1-4,-8.656372500008409,22.544819999990082,34.1203
[CH2]C(CC)CC,[CH2]CC(C)CC,new_mr_10,CC.[CH2]C>>CC.[CH2]C,True,1-4,-8.656372500008409,24.59737249999776,36.7571
[CH2]CC(C)(C)C,[CH2]C(C)(C)CC,new_mr_10,CC.[CH2]C>>CC.[CH2]C,True,1-4,-8.656372500008409,27.485754999999656,36.7571
[CH2]CC(C)CC,[CH2]C(CC)CC,new_mr_10,CC.[CH2]C>>CC.[CH2]C,True,1-4,-8.656372500008409,25.552427499994153,36.7571
[CH2]CC(C)CC,C[CH]C(C)CC,new_mr_15,CCC.[CH2]C>>CC.C[CH]C,True,1-4,-8.656372500008409,24.0916074999906,34.1203
[CH2]CCC(C)C,CCC[C](C)C,new_mr_20,CC(C)C.[CH2]C>>CC.C[C](C)C,True,1-4,-8.656372500008409,22.08109750000162,30.4551
[CH2]CCCCC,CC[CH]CCC,new_mr_15,CCC.[CH2]C>>CC.C[CH]C,True,1-4,-8.656372500008409,23.909632499986344,34.1203
CCC(C)[C](C)C,[CH2]CC(C)C(C)C,new_mr_12,CC.C[C](C)C>>CC(C)C.[CH2]C,True,1-4,-8.656372500008409,30.199692499978283,37.4956
CCCC[C](C)C,C[CH]CCC(C)C,new_mr_17,CCC.C[C](C)C>>CC(C)C.C[CH]C,True,1-4,-8.656372500008409,28.739500000026652,37.7372
CCC[CH]C(C)C,[CH2]CCCC(C)C,new_mr_11,CC.C[CH]C>>CCC.[CH2]C,True,1-4,-8.656372500008409,28.106979999982826,38.7519
CCC[CH]CCC,[CH2]CCCCCC,new_mr_11,CC.C[CH]C>>CCC.[CH2]C,True,1-4,-8.656372500008409,28.74263749998306,38.7519
CCC[C](C)CC,[CH2]CCC(C)CC,new_mr_12,CC.C[C](C)C>>CC(C)C.[CH2]C,True,1-4,-8.656372500008409,33.60262499998299,37.4956
CC[CH]C(C)CC,[CH2]CC(C)CCC,new_mr_11,CC.C[CH]C>>CCC.[CH2]C,True,1-4,-8.656372500008409,29.311780000008554,38.7519
CC[CH]CC(C)C,[CH2]C(C)CCCC,new_mr_11,CC.C[CH]C>>CCC.[CH2]C,True,1-4,-8.656372500008409,26.663102500025673,38.7519
CC[CH]CCCC,C[CH]CCCCC,new_mr_16,CCC.C[CH]C>>CCC.C[CH]C,True,1-4,-8.656372500008409,26.353117499987917,37.1712
C[CH]C(C)(C)CC,[CH2]CC(C)(C)CC,new_mr_11,CC.C[CH]C>>CCC.[CH2]C,True,1-4,-8.656372500008409,29.06705499998438,38.7519
C[CH]C(C)CCC,C[CH]CC(C)CC,new_mr_16,CCC.C[CH]C>>CCC.C[CH]C,True,1-4,-8.656372500008409,26.49806999997864,37.1712
C[CH]C(CC)CC,[CH2]CC(CC)CC,new_mr_11,CC.C[CH]C>>CCC.[CH2]C,True,1-4,-8.656372500008409,30.06791749998996,38.7519
C[CH]CC(C)(C)C,[CH2]C(C)(C)CCC,new_mr_11,CC.C[CH]C>>CCC.[CH2]C,True,1-4,-8.656372500008409,28.8154275000133,38.7519
C[CH]CC(C)CC,[CH2]C(CC)CCC,new_mr_11,CC.C[CH]C>>CCC.[CH2]C,True,1-4,-8.656372500008409,30.60819500001699,38.7519
C[CH]CC(C)CC,C[CH]C(C)CCC,new_mr_16,CCC.C[CH]C>>CCC.C[CH]C,True,1-4,-8.656372500008409,27.637609999990786,37.1712
C[CH]CCC(C)C,CCCC[C](C)C,new_mr_21,CC(C)C.C[CH]C>>CCC.C[C](C)C,True,1-4,-8.656372500008409,24.758012500020214,35.2818
C[CH]CCCCC,CC[CH]CCCC,new_mr_16,CCC.C[CH]C>>CCC.C[CH]C,True,1-4,-8.656372500008409,27.716674999969513,37.1712
C[C](C)CC(C)C,[CH2]C(C)CC(C)C,new_mr_12,CC.C[C](C)C>>CC(C)C.[CH2]C,True,1-4,-8.656372500008409,30.278130000029932,37.4956
[CH2]C(C)(C)C(C)C,[CH2]C(C)C(C)(C)C,new_mr_10,CC.[CH2]C>>CC.[CH2]C,True,1-4,-8.656372500008409,24.282995000006764,36.7571
[CH2]C(C)(C)CCC,C[CH]CC(C)(C)C,new_mr_15,CCC.[CH2]C>>CC.C[CH]C,True,1-4,-8.656372500008409,23.61533500001599,34.1203
[CH2]C(C)(CC)CC,[CH2]CC(C)(C)CC,new_mr_10,CC.[CH2]C>>CC.[CH2]C,True,1-4,-8.656372500008409,27.305035000010065,36.7571
[CH2]C(C)C(C)(C)C,[CH2]C(C)(C)C(C)C,new_mr_10,CC.[CH2]C>>CC.[CH2]C,True,1-4,-8.656372500008409,25.542387500001666,36.7571
[CH2]C(C)CC(C)C,C[C](C)CC(C)C,new_mr_20,CC(C)C.[CH2]C>>CC.C[C](C)C,True,1-4,-8.656372500008409,20.570077499999968,30.4551
[CH2]C(C)CCCC,CC[CH]CC(C)C,new_mr_15,CCC.[CH2]C>>CC.C[CH]C,True,1-4,-8.656372500008409,22.835980000021863,34.1203
[CH2]C(CC)C(C)C,[CH2]CC(C)C(C)C,new_mr_10,CC.[CH2]C>>CC.[CH2]C,True,1-4,-8.656372500008409,25.623962500009725,36.7571
[CH2]C(CC)CCC,[CH2]CC(C)CCC,new_mr_10,CC.[CH2]C>>CC.[CH2]C,True,1-4,-8.656372500008409,26.847587499987924,36.7571
[CH2]C(CC)CCC,C[CH]CC(C)CC,new_mr_15,CCC.[CH2]C>>CC.C[CH]C,True,1-4,-8.656372500008409,24.299310000001242,34.1203
[CH2]CC(C)(C)CC,[CH2]C(C)(CC)CC,new_mr_10,CC.[CH2]C>>CC.[CH2]C,True,1-4,-8.656372500008409,26.060075000014393,36.7571
[CH2]CCCC,[CH2]CCCC,new_mr_10,CC.[CH2]C>>CC.[CH2]C,True,1-5,-14.755672500000436,20.298370000008248,36.7571
C[CH]CCCC,[CH2]CCCCC,new_mr_11,CC.C[CH]C>>CCC.[CH2]C,True,1-5,-14.755672500000436,23.996227499999563,38.7519
[CH2]C(C)CCC,[CH2]CCC(C)C,new_mr_10,CC.[CH2]C>>CC.[CH2]C,True,1-5,-14.755672500000436,19.39351499999212,36.7571
[CH2]CC(C)CC,[CH2]CC(C)CC,new_mr_10,CC.[CH2]C>>CC.[CH2]C,True,1-5,-14.755672500000436,19.232247499989086,36.7571
[CH2]CCC(C)C,[CH2]C(C)CCC,new_mr_10,CC.[CH2]C>>CC.[CH2]C,True,1-5,-14.755672500000436,20.233737499993083,36.7571
[CH2]CCCCC,C[CH]CCCC,new_mr_15,CCC.[CH2]C>>CC.C[CH]C,True,1-5,-14.755672500000436,18.34370749998527,34.1203
CCCC[C](C)C,[CH2]CCCC(C)C,new_mr_12,CC.C[C](C)C>>CC(C)C.[CH2]C,True,1-5,-14.755672500000436,25.82099750001163,37.4956
CC[CH]CCCC,[CH2]CCCCCC,new_mr_11,CC.C[CH]C>>CCC.[CH2]C,True,1-5,-14.755672500000436,22.439399999988723,38.7519
C[CH]C(C)CCC,[CH2]CCC(C)CC,new_mr_11,CC.C[CH]C>>CCC.[CH2]C,True,1-5,-14.755672500000436,24.893552499999032,38.7519
C[CH]CC(C)CC,[CH2]CC(C)CCC,new_mr_11,CC.C[CH]C>>CCC.[CH2]C,True,1-5,-14.755672500000436,24.550310000009574,38.7519
C[CH]CCC(C)C,[CH2]C(C)CCCC,new_mr_11,CC.C[CH]C>>CCC.[CH2]C,True,1-5,-14.755672500000436,23.214989999992355,38.7519
C[CH]CCCCC,C[CH]CCCCC,new_mr_16,CCC.C[CH]C>>CCC.C[CH]C,True,1-5,-14.755672500000436,22.157024999988266,37.1712
[CH2]C(C)(C)CCC,[CH2]CCC(C)(C)C,new_mr_10,CC.[CH2]C>>CC.[CH2]C,True,1-5,-14.755672500000436,20.969795000025186,36.7571
[CH2]C(C)C(C)CC,[CH2]CC(C)C(C)C,new_mr_10,CC.[CH2]C>>CC.[CH2]C,True,1-5,-14.755672500000436,17.06235250001015,36.7571
[CH2]C(C)CC(C)C,[CH2]C(C)CC(C)C,new_mr_10,CC.[CH2]C>>CC.[CH2]C,True,1-5,-14.755672500000436,19.000072500004563,36.7571
[CH2]C(C)CCCC,C[CH]CCC(C)C,new_mr_15,CCC.[CH2]C>>CC.C[CH]C,True,1-5,-14.755672500000436,17.587570000003865,34.1203
[CH2]C(CC)CCC,[CH2]CCC(C)CC,new_mr_10,CC.[CH2]C>>CC.[CH2]C,True,1-5,-14.755672500000436,21.43414499999423,36.7571
[CH2]CC(C)(C)CC,[CH2]CC(C)(C)CC,new_mr_10,CC.[CH2]C>>CC.[CH2]C,True,1-5,-14.755672500000436,19.643887500019872,36.7571
[CH2]CC(C)C(C)C,[CH2]C(C)C(C)CC,new_mr_10,CC.[CH2]C>>CC.[CH2]C,True,1-5,-14.755672500000436,18.968070000014023,36.7571
[CH2]CC(C)CCC,C[CH]CC(C)CC,new_mr_15,CCC.[CH2]C>>CC.C[CH]C,True,1-5,-14.755672500000436,17.529212500008526,34.1203
[CH2]CC(CC)CC,[CH2]CC(CC)CC,new_mr_10,CC.[CH2]C>>CC.[CH2]C,True,1-5,-14.755672500000436,19.66020250001435,36.7571
[CH2]CCC(C)(C)C,[CH2]C(C)(C)CCC,new_mr_10,CC.[CH2]C>>CC.[CH2]C,True,1-5,-14.755672500000436,20.092549999992855,36.7571
[CH2]CCC(C)CC,[CH2]C(CC)CCC,new_mr_10,CC.[CH2]C>>CC.[CH2]C,True,1-5,-14.755672500000436,19.753699999992307,36.7571
[CH2]CCC(C)CC,C[CH]C(C)CCC,new_mr_15,CCC.[CH2]C>>CC.C[CH]C,True,1-5,-14.755672500000436,17.012152499994215,34.1203
[CH2]CCCC(C)C,CCCC[C](C)C,new_mr_20,CC(C)C.[CH2]C>>CC.C[C](C)C,True,1-5,-14.755672500000436,15.051842499985497,30.4551
[CH2]CCCCCC,CC[CH]CCCC,new_mr_15,CCC.[CH2]C>>CC.C[CH]C,True,1-5,-14.755672500000436,18.164242499974677,34.1203
CCC(C)C[C](C)C,[CH2]CC(C)CC(C)C,new_mr_12,CC.C[C](C)C>>CC(C)C.[CH2]C,True,1-5,-14.755672500000436,23.70820499999553,37.4956
CCCC(C)[C](C)C,[CH2]CCC(C)C(C)C,new_mr_12,CC.C[C](C)C>>CC(C)C.[CH2]C,True,1-5,-14.755672500000436,25.73691249997424,37.4956
CCCCC[C](C)C,C[CH]CCCC(C)C,new_mr_17,CCC.C[C](C)C>>CC(C)C.C[CH]C,True,1-5,-14.755672500000436,23.57894000000087,37.7372
CCCC[CH]C(C)C,[CH2]CCCCC(C)C,new_mr_11,CC.C[CH]C>>CCC.[CH2]C,True,1-5,-14.755672500000436,23.338607500001274,38.7519
CCCC[C](C)CC,[CH2]CCCC(C)CC,new_mr_12,CC.C[C](C)C>>CC(C)C.[CH2]C,True,1-5,-14.755672500000436,27.17514249998132,37.4956
CCC[CH]CCCC,[CH2]CCCCCCC,new_mr_11,CC.C[CH]C>>CCC.[CH2]C,True,1-5,-14.755672500000436,22.540427499983338,38.7519
CC[CH]C(C)CCC,[CH2]CCC(C)CCC,new_mr_11,CC.C[CH]C>>CCC.[CH2]C,True,1-5,-14.755672500000436,22.407397499998183,38.7519
CC[CH]CC(C)CC,[CH2]CC(C)CCCC,new_mr_11,CC.C[CH]C>>CCC.[CH2]C,True,1-5,-14.755672500000436,21.81503749999564,38.7519
CC[CH]CCC(C)C,[CH2]C(C)CCCCC,new_mr_11,CC.C[CH]C>>CCC.[CH2]C,True,1-5,-14.755672500000436,22.046584999981746,38.7519
CC[CH]CCCCC,C[CH]CCCCCC,new_mr_16,CCC.C[CH]C>>CCC.C[CH]C,True,1-5,-14.755672500000436,20.485992499998247,37.1712
C[CH]C(C)(C)CCC,[CH2]CCC(C)(C)CC,new_mr_11,CC.C[CH]C>>CCC.[CH2]C,True,1-5,-14.755672500000436,24.412260000001424,38.7519
C[CH]C(C)C(C)CC,[CH2]CC(C)C(C)CC,new_mr_11,CC.C[CH]C>>CCC.[CH2]C,True,1-5,-14.755672500000436,22.709224999985196,38.7519
C[CH]C(C)CC(C)C,[CH2]C(C)CC(C)CC,new_mr_11,CC.C[CH]C>>CCC.[CH2]C,True,1-5,-14.755672500000436,25.176555000033574,38.7519
C[CH]C(C)CCCC,C[CH]CCC(C)CC,new_mr_16,CCC.C[CH]C>>CCC.C[CH]C,True,1-5,-14.755672500000436,21.128552499981055,37.1712
C[CH]C(CC)CCC,[CH2]CCC(CC)CC,new_mr_11,CC.C[CH]C>>CCC.[CH2]C,True,1-5,-14.755672500000436,25.25687500000913,38.7519
C[CH]CC(C)(C)CC,[CH2]CC(C)(C)CCC,new_mr_11,CC.C[CH]C>>CCC.[CH2]C,True,1-5,-14.755672500000436,21.858334999993332,38.7519
C[CH]CC(C)C(C)C,[CH2]C(C)C(C)CCC,new_mr_11,CC.C[CH]C>>CCC.[CH2]C,True,1-5,-14.755672500000436,21.56341000002456,38.7519
C[CH]CC(C)CCC,C[CH]CC(C)CCC,new_mr_16,CCC.C[CH]C>>CCC.C[CH]C,True,1-5,-14.755672500000436,20.771504999990782,37.1712
C[CH]CC(CC)CC,[CH2]CC(CC)CCC,new_mr_11,CC.C[CH]C>>CCC.[CH2]C,True,1-5,-14.755672500000436,23.937242499987974,38.7519
C[CH]CCC(C)(C)C,[CH2]C(C)(C)CCCC,new_mr_11,CC.C[CH]C>>CCC.[CH2]C,True,1-5,-14.755672500000436,22.94516499999588,38.7519
C[CH]CCC(C)CC,[CH2]C(CC)CCCC,new_mr_11,CC.C[CH]C>>CCC.[CH2]C,True,1-5,-14.755672500000436,22.604432500000087,38.7519
C[CH]CCC(C)CC,C[CH]C(C)CCCC,new_mr_16,CCC.C[CH]C>>CCC.C[CH]C,True,1-5,-14.755672500000436,22.398612500020363,37.1712
C[CH]CCCC(C)C,CCCCC[C](C)C,new_mr_21,CC(C)C.C[CH]C>>CCC.C[C](C)C,True,1-5,-14.755672500000436,18.22761999999301,35.2818
C[CH]CCCCCC,CC[CH]CCCCC,new_mr_16,CCC.C[CH]C>>CCC.C[CH]C,True,1-5,-14.755672500000436,21.837627500009944,37.1712
[CH2]CCCCC,[CH2]CCCCC,new_mr_10,CC.[CH2]C>>CC.[CH2]C,True,1-6,-14.81967750003502,20.79158499999359,36.7571
C[CH]CCCCC,[CH2]CCCCCC,new_mr_11,CC.C[CH]C>>CCC.[CH2]C,True,1-6,-14.81967750003502,23.93222249996498,38.7519
[CH2]C(C)CCCC,[CH2]CCCC(C)C,new_mr_10,CC.[CH2]C>>CC.[CH2]C,True,1-6,-14.81967750003502,19.79260500000109,36.7571
[CH2]CC(C)CCC,[CH2]CCC(C)CC,new_mr_10,CC.[CH2]C>>CC.[CH2]C,True,1-6,-14.81967750003502,20.7194224999796,36.7571
[CH2]CCC(C)CC,[CH2]CC(C)CCC,new_mr_10,CC.[CH2]C>>CC.[CH2]C,True,1-6,-14.81967750003502,19.809547499993982,36.7571
[CH2]CCCC(C)C,[CH2]C(C)CCCC,new_mr_10,CC.[CH2]C>>CC.[CH2]C,True,1-6,-14.81967750003502,19.067214999977722,36.7571
[CH2]CCCCCC,C[CH]CCCCC,new_mr_15,CCC.[CH2]C>>CC.C[CH]C,True,1-6,-14.81967750003502,18.297899999993916,34.1203
CCCCC[C](C)C,[CH2]CCCCC(C)C,new_mr_12,CC.C[C](C)C>>CC(C)C.[CH2]C,True,1-6,-14.81967750003502,26.285347499980674,37.4956
CC[CH]CCCCC,[CH2]CCCCCCC,new_mr_11,CC.C[CH]C>>CCC.[CH2]C,True,1-6,-14.81967750003502,22.31892000000755,38.7519
C[CH]C(C)CCCC,[CH2]CCCC(C)CC,new_mr_11,CC.C[CH]C>>CCC.[CH2]C,True,1-6,-14.81967750003502,23.976147499996756,38.7519
C[CH]CC(C)CCC,[CH2]CCC(C)CCC,new_mr_11,CC.C[CH]C>>CCC.[CH2]C,True,1-6,-14.81967750003502,24.420417500016498,38.7519
C[CH]CCC(C)CC,[CH2]CC(C)CCCC,new_mr_11,CC.C[CH]C>>CCC.[CH2]C,True,1-6,-14.81967750003502,22.469520000019685,38.7519
C[CH]CCCC(C)C,[CH2]C(C)CCCCC,new_mr_11,CC.C[CH]C>>CCC.[CH2]C,True,1-6,-14.81967750003502,23.296565000000413,38.7519
C[CH]CCCCCC,C[CH]CCCCCC,new_mr_16,CCC.C[CH]C>>CCC.C[CH]C,True,1-6,-14.81967750003502,22.880532500016386,37.1712
[CH2]C(C)(C)CCCC,[CH2]CCCC(C)(C)C,new_mr_10,CC.[CH2]C>>CC.[CH2]C,True,1-6,-14.81967750003502,19.59619750003327,36.7571
[CH2]C(C)C(C)CCC,[CH2]CCC(C)C(C)C,new_mr_10,CC.[CH2]C>>CC.[CH2]C,True,1-6,-14.81967750003502,20.25883750000105,36.7571
[CH2]C(C)CC(C)CC,[CH2]CC(C)CC(C)C,new_mr_10,CC.[CH2]C>>CC.[CH2]C,True,1-6,-14.81967750003502,18.946107499998135,36.7571
[CH2]C(C)CCC(C)C,[CH2]C(C)CCC(C)C,new_mr_10,CC.[CH2]C>>CC.[CH2]C,True,1-6,-14.81967750003502,19.084157500006285,36.7571
[CH2]C(C)CCCCC,C[CH]CCCC(C)C,new_mr_15,CCC.[CH2]C>>CC.C[CH]C,True,1-6,-14.81967750003502,18.602865000008677,34.1203
[CH2]C(CC)CCCC,[CH2]CCCC(C)CC,new_mr_10,CC.[CH2]C>>CC.[CH2]C,True,1-6,-14.81967750003502,20.138985000018295,36.7571
[CH2]CC(C)(C)CCC,[CH2]CCC(C)(C)CC,new_mr_10,CC.[CH2]C>>CC.[CH2]C,True,1-6,-14.81967750003502,21.07709749996829,36.7571
[CH2]CC(C)C(C)CC,[CH2]CC(C)C(C)CC,new_mr_10,CC.[CH2]C>>CC.[CH2]C,True,1-6,-14.81967750003502,20.661692499982678,36.7571
[CH2]CC(C)CC(C)C,[CH2]C(C)CC(C)CC,new_mr_10,CC.[CH2]C>>CC.[CH2]C,True,1-6,-14.81967750003502,20.949715000004545,36.7571
[CH2]CC(C)CCCC,C[CH]CCC(C)CC,new_mr_15,CCC.[CH2]C>>CC.C[CH]C,True,1-6,-14.81967750003502,18.476737500006095,34.1203
[CH2]CC(CC)CCC,[CH2]CCC(CC)CC,new_mr_10,CC.[CH2]C>>CC.[CH2]C,True,1-6,-14.81967750003502,21.22518749998676,36.7571
[CH2]CCC(C)(C)CC,[CH2]CC(C)(C)CCC,new_mr_10,CC.[CH2]C>>CC.[CH2]C,True,1-6,-14.81967750003502,20.032937500000685,36.7571
[CH2]CCC(C)C(C)C,[CH2]C(C)C(C)CCC,new_mr_10,CC.[CH2]C>>CC.[CH2]C,True,1-6,-14.81967750003502,20.403789999991773,36.7571
[CH2]CCC(C)CCC,C[CH]CC(C)CCC,new_mr_15,CCC.[CH2]C>>CC.C[CH]C,True,1-6,-14.81967750003502,17.271937500016037,34.1203
[CH2]CCC(CC)CC,[CH2]CC(CC)CCC,new_mr_10,CC.[CH2]C>>CC.[CH2]C,True,1-6,-14.81967750003502,22.61572750000724,36.7571
[CH2]CCCC(C)(C)C,[CH2]C(C)(C)CCCC,new_mr_10,CC.[CH2]C>>CC.[CH2]C,True,1-6,-14.81967750003502,22.037800000003926,36.7571
[CH2]CCCC(C)CC,[CH2]C(CC)CCCC,new_mr_10,CC.[CH2]C>>CC.[CH2]C,True,1-6,-14.81967750003502,19.708519999999368,36.7571
[CH2]CCCC(C)CC,C[CH]C(C)CCCC,new_mr_15,CCC.[CH2]C>>CC.C[CH]C,True,1-6,-14.81967750003502,18.133494999980968,34.1203
[CH2]CCCCC(C)C,CCCCC[C](C)C,new_mr_20,CC(C)C.[CH2]C>>CC.C[C](C)C,True,1-6,-14.81967750003502,16.331942499999457,30.4551
[CH2]CCCCCCC,CC[CH]CCCCC,new_mr_15,CCC.[CH2]C>>CC.C[CH]C,True,1-6,-14.81967750003502,18.262760000011298,34.1203
CCCCC(C)[C](C)C,[CH2]CCCC(C)C(C)C,new_mr_12,CC.C[C](C)C>>CC(C)C.[CH2]C,True,1-6,-14.81967750003502,26.11152999999149,37.4956
CCCCCC[C](C)C,C[CH]CCCCC(C)C,new_mr_17,CCC.C[C](C)C>>CC(C)C.C[CH]C,True,1-6,-14.81967750003502,23.3913174999752,37.7372
CCCCC[CH]C(C)C,[CH2]CCCCCC(C)C,new_mr_11,CC.C[CH]C>>CCC.[CH2]C,True,1-6,-14.81967750003502,22.49775749998406,38.7519
CCCCC[C](C)CC,[CH2]CCCCC(C)CC,new_mr_12,CC.C[C](C)C>>CC(C)C.[CH2]C,True,1-6,-14.81967750003502,18.158595000024604,37.4956
CCC[CH]CCCCC,[CH2]CCCCCCCC,new_mr_11,CC.C[CH]C>>CCC.[CH2]C,True,1-6,-14.81967750003502,22.310762499992478,38.7519
CC[CH]C(C)CCCC,[CH2]CCCC(C)CCC,new_mr_11,CC.C[CH]C>>CCC.[CH2]C,True,1-6,-14.81967750003502,25.032230000005598,38.7519
CC[CH]CC(C)CCC,[CH2]CCC(C)CCCC,new_mr_11,CC.C[CH]C>>CCC.[CH2]C,True,1-6,-14.81967750003502,21.763582499982874,38.7519
CC[CH]CCC(C)CC,[CH2]CC(C)CCCCC,new_mr_11,CC.C[CH]C>>CCC.[CH2]C,True,1-6,-14.81967750003502,22.63455249999538,38.7519
CC[CH]CCCC(C)C,[CH2]C(C)CCCCCC,new_mr_11,CC.C[CH]C>>CCC.[CH2]C,True,1-6,-14.81967750003502,20.91394749998784,38.7519
CC[CH]CCCCCC,C[CH]CCCCCCC,new_mr_16,CCC.C[CH]C>>CCC.C[CH]C,True,1-6,-14.81967750003502,20.888847500015544,37.1712
C[CH]C(C)(C)CCCC,[CH2]CCCC(C)(C)CC,new_mr_11,CC.C[CH]C>>CCC.[CH2]C,True,1-6,-14.81967750003502,25.152082499988353,38.7519
C[CH]C(C)C(C)CCC,[CH2]CCC(C)C(C)CC,new_mr_11,CC.C[CH]C>>CCC.[CH2]C,True,1-6,-14.81967750003502,25.37484499999664,38.7519
C[CH]C(C)CC(C)CC,[CH2]CC(C)CC(C)CC,new_mr_11,CC.C[CH]C>>CCC.[CH2]C,True,1-6,-14.81967750003502,23.854412500018753,38.7519
C[CH]C(C)CCC(C)C,[CH2]C(C)CCC(C)CC,new_mr_11,CC.C[CH]C>>CCC.[CH2]C,True,1-6,-14.81967750003502,23.1811049999709,38.7519
[CH2]CCCCCC,[CH2]CCCCCC,new_mr_10,CC.[CH2]C>>CC.[CH2]C,True,1-7,-11.259869999998351,24.533995000015096,36.7571
C[CH]CCCCCC,[CH2]CCCCCCC,new_mr_11,CC.C[CH]C>>CCC.[CH2]C,True,1-7,-11.259869999998351,27.492030000001648,38.7519
[CH2]C(C)CCCCC,[CH2]CCCCC(C)C,new_mr_10,CC.[CH2]C>>CC.[CH2]C,True,1-7,-11.259869999998351,23.139690000004123,36.7571
[CH2]CC(C)CCCC,[CH2]CCCC(C)CC,new_mr_10,CC.[CH2]C>>CC.[CH2]C,True,1-7,-11.259869999998351,25.639650000005787,36.7571
[CH2]CCC(C)CCC,[CH2]CCC(C)CCC,new_mr_10,CC.[CH2]C>>CC.[CH2]C,True,1-7,-11.259869999998351,24.29240750001867,36.7571
[CH2]CCCC(C)CC,[CH2]CC(C)CCCC,new_mr_10,CC.[CH2]C>>CC.[CH2]C,True,1-7,-11.259869999998351,23.878884999992636,36.7571
[CH2]CCCCC(C)C,[CH2]C(C)CCCCC,new_mr_10,CC.[CH2]C>>CC.[CH2]C,True,1-7,-11.259869999998351,23.280250000005935,36.7571
[CH2]CCCCCCC,C[CH]CCCCCC,new_mr_15,CCC.[CH2]C>>CC.C[CH]C,True,1-7,-11.259869999998351,20.26636749998204,34.1203
CCCCCC[C](C)C,[CH2]CCCCCC(C)C,new_mr_12,CC.C[C](C)C>>CC(C)C.[CH2]C,True,1-7,-11.259869999998351,28.853704999987997,37.4956
CC[CH]CCCCCC,[CH2]CCCCCCCC,new_mr_11,CC.C[CH]C>>CCC.[CH2]C,True,1-7,-11.259869999998351,26.54450500000408,38.7519
C[CH]C(C)CCCCC,[CH2]CCCCC(C)CC,new_mr_11,CC.C[CH]C>>CCC.[CH2]C,True,1-7,-11.259869999998351,30.391079999994446,38.7519
C[CH]CC(C)CCCC,[CH2]CCCC(C)CCC,new_mr_11,CC.C[CH]C>>CCC.[CH2]C,True,1-7,-11.259869999998351,28.086899999997854,38.7519
C[CH]CCC(C)CCC,[CH2]CCC(C)CCCC,new_mr_11,CC.C[CH]C>>CCC.[CH2]C,True,1-7,-11.259869999998351,27.332645000011695,38.7519
C[CH]CCCC(C)CC,[CH2]CC(C)CCCCC,new_mr_11,CC.C[CH]C>>CCC.[CH2]C,True,1-7,-11.259869999998351,26.17365250001299,38.7519
C[CH]CCCCC(C)C,[CH2]C(C)CCCCCC,new_mr_11,CC.C[CH]C>>CCC.[CH2]C,True,1-7,-11.259869999998351,26.76099250002821,38.7519
C[CH]CCCCCCC,C[CH]CCCCCCC,new_mr_16,CCC.C[CH]C>>CCC.C[CH]C,True,1-7,-11.259869999998351,25.785229999994925,37.1712
[CH2]C(C)(C)CCCCC,[CH2]CCCCC(C)(C)C,new_mr_10,CC.[CH2]C>>CC.[CH2]C,True,1-7,-11.259869999998351,23.759660000008296,36.7571
[CH2]C(C)C(C)CCCC,[CH2]CCCC(C)C(C)C,new_mr_10,CC.[CH2]C>>CC.[CH2]C,True,1-7,-11.259869999998351,24.752364999998804,36.7571
[CH2]C(C)CC(C)CCC,[CH2]CCC(C)CC(C)C,new_mr_10,CC.[CH2]C>>CC.[CH2]C,True,1-7,-11.259869999998351,23.724519999990008,36.7571
[CH2]C(C)CCC(C)CC,[CH2]CC(C)CCC(C)C,new_mr_10,CC.[CH2]C>>CC.[CH2]C,True,1-7,-11.259869999998351,22.956459999967365,36.7571
[CH2]C(C)CCCC(C)C,[CH2]C(C)CCCC(C)C,new_mr_10,CC.[CH2]C>>CC.[CH2]C,True,1-7,-11.259869999998351,23.252640000004305,36.7571
[CH2]C(C)CCCCCC,C[CH]CCCCC(C)C,new_mr_15,CCC.[CH2]C>>CC.C[CH]C,True,1-7,-11.259869999998351,21.077725000002374,34.1203
[CH2]C(CC)CCCCC,[CH2]CCCCC(C)CC,new_mr_10,CC.[CH2]C>>CC.[CH2]C,True,1-7,-11.259869999998351,24.45053749997612,36.7571
[CH2]CC(C)(C)CCCC,[CH2]CCCC(C)(C)CC,new_mr_10,CC.[CH2]C>>CC.[CH2]C,True,1-7,-11.259869999998351,24.819507499971962,36.7571
[CH2]CC(C)C(C)CCC,[CH2]CCC(C)C(C)CC,new_mr_10,CC.[CH2]C>>CC.[CH2]C,True,1-7,-11.259869999998351,23.46724499999752,36.7571
[CH2]CC(C)CC(C)CC,[CH2]CC(C)CC(C)CC,new_mr_10,CC.[CH2]C>>CC.[CH2]C,True,1-7,-11.259869999998351,24.429202499994318,36.7571
[CH2]CC(C)CCC(C)C,[CH2]C(C)CCC(C)CC,new_mr_10,CC.[CH2]C>>CC.[CH2]C,True,1-7,-11.259869999998351,24.525837500000023,36.7571
[CH2]CC(C)CCCCC,C[CH]CCCC(C)CC,new_mr_15,CCC.[CH2]C>>CC.C[CH]C,True,1-7,-11.259869999998351,23.033015000023767,34.1203
[CH2]CC(CC)CCCC,[CH2]CCCC(CC)CC,new_mr_10,CC.[CH2]C>>CC.[CH2]C,True,1-7,-11.259869999998351,24.82139000000288,36.7571
[CH2]CCC(C)(C)CCC,[CH2]CCC(C)(C)CCC,new_mr_10,CC.[CH2]C>>CC.[CH2]C,True,1-7,-11.259869999998351,23.686870000013727,36.7571
[CH2]CCC(C)C(C)CC,[CH2]CC(C)C(C)CCC,new_mr_10,CC.[CH2]C>>CC.[CH2]C,True,1-7,-11.259869999998351,22.3948474999942,36.7571
[CH2]CCC(C)CC(C)C,[CH2]C(C)CC(C)CCC,new_mr_10,CC.[CH2]C>>CC.[CH2]C,True,1-7,-11.259869999998351,23.309742500002812,36.7571
[CH2]CCC(C)CCCC,C[CH]CCC(C)CCC,new_mr_15,CCC.[CH2]C>>CC.C[CH]C,True,1-7,-11.259869999998351,21.828842500032124,34.1203
[CH2]CCC(CC)CCC,[CH2]CCC(CC)CCC,new_mr_10,CC.[CH2]C>>CC.[CH2]C,True,1-7,-11.259869999998351,25.009012499992878,36.7571
[CH2]CCCC(C)(C)CC,[CH2]CC(C)(C)CCCC,new_mr_10,CC.[CH2]C>>CC.[CH2]C,True,1-7,-11.259869999998351,24.427947499997487,36.7571
[CH2]CCCC(C)C(C)C,[CH2]C(C)C(C)CCCC,new_mr_10,CC.[CH2]C>>CC.[CH2]C,True,1-7,-11.259869999998351,22.34527500001235,36.7571
[CH2]CCCC(C)CCC,C[CH]CC(C)CCCC,new_mr_15,CCC.[CH2]C>>CC.C[CH]C,True,1-7,-11.259869999998351,22.08674499998736,34.1203
[CH2]CCCC(CC)CC,[CH2]CC(CC)CCCC,new_mr_10,CC.[CH2]C>>CC.[CH2]C,True,1-7,-11.259869999998351,23.213107499997108,36.7571
[CH2]CCCCC(C)(C)C,[CH2]C(C)(C)CCCCC,new_mr_10,CC.[CH2]C>>CC.[CH2]C,True,1-7,-11.259869999998351,24.79503499999808,36.7571
[CH2]CCCCC(C)CC,[CH2]C(CC)CCCCC,new_mr_10,CC.[CH2]C>>CC.[CH2]C,True,1-7,-11.259869999998351,23.97991249998725,36.7571
[CH2]CCCCC(C)CC,C[CH]C(C)CCCCC,new_mr_15,CCC.[CH2]C>>CC.C[CH]C,True,1-7,-11.259869999998351,23.650474999998607,34.1203
[CH2]CCCCCC(C)C,CCCCCC[C](C)C,new_mr_20,CC(C)C.[CH2]C>>CC.C[C](C)C,True,1-7,-11.259869999998351,20.546859999987248,30.4551
[CH2]CCCCCCCC,CC[CH]CCCCCC,new_mr_15,CCC.[CH2]C>>CC.C[CH]C,True,1-7,-11.259869999998351,22.58372499998103,34.1203
CCC(C)CCC[C](C)C,[CH2]CC(C)CCCC(C)C,new_mr_12,CC.C[C](C)C>>CC(C)C.[CH2]C,True,1-7,-11.259869999998351,23.486697499984075,37.4956
CCCCC(C)C[C](C)C,[CH2]CCCC(C)CC(C)C,new_mr_12,CC.C[C](C)C>>CC(C)C.[CH2]C,True,1-7,-11.259869999998351,28.644747500016194,37.4956
CCCCCC(C)[C](C)C,[CH2]CCCCC(C)C(C)C,new_mr_12,CC.C[C](C)C>>CC(C)C.[CH2]C,True,1-7,-11.259869999998351,29.642472499994028,37.4956
CCCCCCC[C](C)C,C[CH]CCCCCC(C)C,new_mr_17,CCC.C[C](C)C>>CC(C)C.C[CH]C,True,1-7,-11.259869999998351,26.946104999988876,37.7372
CCCCCC[CH]C(C)C,[CH2]CCCCCCC(C)C,new_mr_11,CC.C[CH]C>>CCC.[CH2]C,True,1-7,-11.259869999998351,27.444967499977793,38.7519
[CH2]CCCCCCC,[CH2]CCCCCCC,new_mr_10,CC.[CH2]C>>CC.[CH2]C,True,1-8,-9.382390000030192,26.40959249998801,36.7571
C[CH]CCCCCCC,[CH2]CCCCCCCC,new_mr_11,CC.C[CH]C>>CCC.[CH2]C,True,1-8,-9.382390000030192,29.369509999969807,38.7519
[CH2]C(C)CCCCCC,[CH2]CCCCCC(C)C,new_mr_10,CC.[CH2]C>>CC.[CH2]C,True,1-8,-9.382390000030192,25.731892499986913,36.7571
[CH2]CC(C)CCCCC,[CH2]CCCCC(C)CC,new_mr_10,CC.[CH2]C>>CC.[CH2]C,True,1-8,-9.382390000030192,26.691967500024134,36.7571
[CH2]CCC(C)CCCC,[CH2]CCCC(C)CCC,new_mr_10,CC.[CH2]C>>CC.[CH2]C,True,1-8,-9.382390000030192,25.144552500007364,36.7571
[CH2]CCCC(C)CCC,[CH2]CCC(C)CCCC,new_mr_10,CC.[CH2]C>>CC.[CH2]C,True,1-8,-9.382390000030192,24.575409999981872,36.7571
[CH2]CCCCC(C)CC,[CH2]CC(C)CCCCC,new_mr_10,CC.[CH2]C>>CC.[CH2]C,True,1-8,-9.382390000030192,25.214205000009855,36.7571
[CH2]CCCCCC(C)C,[CH2]C(C)CCCCCC,new_mr_10,CC.[CH2]C>>CC.[CH2]C,True,1-8,-9.382390000030192,25.95904749998411,36.7571
[CH2]CCCCCCCC,C[CH]CCCCCCC,new_mr_15,CCC.[CH2]C>>CC.C[CH]C,True,1-8,-9.382390000030192,23.64419999997878,34.1203
CCCCCCC[C](C)C,[CH2]CCCCCCC(C)C,new_mr_12,CC.C[C](C)C>>CC(C)C.[CH2]C,True,1-8,-9.382390000030192,31.705064999994192,37.4956
CC[CH]CCCCCCC,[CH2]CCCCCCCCC,new_mr_11,CC.C[CH]C>>CCC.[CH2]C,True,1-8,-9.382390000030192,29.068937499979626,38.7519
C[CH]CC(C)CCCCC,[CH2]CCCCC(C)CCC,new_mr_11,CC.C[CH]C>>CCC.[CH2]C,True,1-8,-9.382390000030192,29.63494250001304,38.7519
C[CH]CCC(C)CCCC,[CH2]CCCC(C)CCCC,new_mr_11,CC.C[CH]C>>CCC.[CH2]C,True,1-8,-9.382390000030192,28.09192000002085,38.7519
C[CH]CCCC(C)CCC,[CH2]CCC(C)CCCCC,new_mr_11,CC.C[CH]C>>CCC.[CH2]C,True,1-8,-9.382390000030192,27.950105000022205,38.7519
C[CH]CCCCC(C)CC,[CH2]CC(C)CCCCCC,new_mr_11,CC.C[CH]C>>CCC.[CH2]C,True,1-8,-9.382390000030192,29.104077499997913,38.7519
[CH2]C(C)(C)CCCCCC,[CH2]CCCCCC(C)(C)C,new_mr_10,CC.[CH2]C>>CC.[CH2]C,True,1-8,-9.382390000030192,26.17553499997257,36.7571
[CH2]C(C)CC(C)CCCC,[CH2]CCCC(C)CC(C)C,new_mr_10,CC.[CH2]C>>CC.[CH2]C,True,1-8,-9.382390000030192,23.908377499989513,36.7571
[CH2]C(C)CCC(C)CCC,[CH2]CCC(C)CCC(C)C,new_mr_10,CC.[CH2]C>>CC.[CH2]C,True,1-8,-9.382390000030192,23.660515000008928,36.7571
[CH2]C(C)CCCC(C)CC,[CH2]CC(C)CCCC(C)C,new_mr_10,CC.[CH2]C>>CC.[CH2]C,True,1-8,-9.382390000030192,24.687104999985223,36.7571
[CH2]C(C)CCCCC(C)C,[CH2]C(C)CCCCC(C)C,new_mr_10,CC.[CH2]C>>CC.[CH2]C,True,1-8,-9.382390000030192,25.40245499999827,36.7571
[CH2]CC(C)(C)CCCCC,[CH2]CCCCC(C)(C)CC,new_mr_10,CC.[CH2]C>>CC.[CH2]C,True,1-8,-9.382390000030192,25.64341499999628,36.7571
[CH2]CC(C)C(C)CCCC,[CH2]CCCC(C)C(C)CC,new_mr_10,CC.[CH2]C>>CC.[CH2]C,True,1-8,-9.382390000030192,23.700047499980457,36.7571
[CH2]CC(C)CC(C)CCC,[CH2]CCC(C)CC(C)CC,new_mr_10,CC.[CH2]C>>CC.[CH2]C,True,1-8,-9.382390000030192,24.94312500001655,36.7571
[CH2]CC(C)CCC(C)CC,[CH2]CC(C)CCC(C)CC,new_mr_10,CC.[CH2]C>>CC.[CH2]C,True,1-8,-9.382390000030192,26.176162499970985,36.7571
[CH2]CC(C)CCCC(C)C,[CH2]C(C)CCCC(C)CC,new_mr_10,CC.[CH2]C>>CC.[CH2]C,True,1-8,-9.382390000030192,25.920142500010996,36.7571
[CH2]CC(C)CCCCCC,C[CH]CCCCC(C)CC,new_mr_15,CCC.[CH2]C>>CC.C[CH]C,True,1-8,-9.382390000030192,24.368335000005317,34.1203
[CH2]CC(CC)CCCCC,[CH2]CCCCC(CC)CC,new_mr_10,CC.[CH2]C>>CC.[CH2]C,True,1-8,-9.382390000030192,26.63737499998362,36.7571
[CH2]CCC(C)(C)CCCC,[CH2]CCCC(C)(C)CCC,new_mr_10,CC.[CH2]C>>CC.[CH2]C,True,1-8,-9.382390000030192,27.467557500027766,36.7571
[CH2]CCC(C)C(C)CCC,[CH2]CCC(C)C(C)CCC,new_mr_10,CC.[CH2]C>>CC.[CH2]C,True,1-8,-9.382390000030192,25.180947499986814,36.7571
[CH2]CCC(C)CC(C)CC,[CH2]CC(C)CC(C)CCC,new_mr_10,CC.[CH2]C>>CC.[CH2]C,True,1-8,-9.382390000030192,23.40324000001644,36.7571
[CH2]CCC(C)CCC(C)C,[CH2]C(C)CCC(C)CCC,new_mr_10,CC.[CH2]C>>CC.[CH2]C,True,1-8,-9.382390000030192,25.470224999969844,36.7571
[CH2]CCC(C)CCCCC,C[CH]CCCC(C)CCC,new_mr_15,CCC.[CH2]C>>CC.C[CH]C,True,1-8,-9.382390000030192,23.466617499999103,34.1203
[CH2]CCC(CC)CCCC,[CH2]CCCC(CC)CCC,new_mr_10,CC.[CH2]C>>CC.[CH2]C,True,1-8,-9.382390000030192,27.677142499997984,36.7571
[CH2]CCCC(C)(C)CCC,[CH2]CCC(C)(C)CCCC,new_mr_10,CC.[CH2]C>>CC.[CH2]C,True,1-8,-9.382390000030192,27.553525000024734,36.7571
[CH2]CCCC(C)C(C)CC,[CH2]CC(C)C(C)CCCC,new_mr_10,CC.[CH2]C>>CC.[CH2]C,True,1-8,-9.382390000030192,23.144082499993033,36.7571
[CH2]CCCC(C)CC(C)C,[CH2]C(C)CC(C)CCCC,new_mr_10,CC.[CH2]C>>CC.[CH2]C,True,1-8,-9.382390000030192,23.419554999975247,36.7571
[CH2]CCCC(C)CCCC,C[CH]CCC(C)CCCC,new_mr_15,CCC.[CH2]C>>CC.C[CH]C,True,1-8,-9.382390000030192,22.205342500008953,34.1203
[CH2]CCCC(CC)CCC,[CH2]CCC(CC)CCCC,new_mr_10,CC.[CH2]C>>CC.[CH2]C,True,1-8,-9.382390000030192,25.49971750000239,36.7571
[CH2]CCCCC(C)(C)CC,[CH2]CC(C)(C)CCCCC,new_mr_10,CC.[CH2]C>>CC.[CH2]C,True,1-8,-9.382390000030192,24.285505000000427,36.7571
[CH2]CCCCC(C)CCC,C[CH]CC(C)CCCCC,new_mr_15,CCC.[CH2]C>>CC.C[CH]C,True,1-8,-9.382390000030192,23.153495000004938,34.1203
[CH2]CCCCC(CC)CC,[CH2]CC(CC)CCCCC,new_mr_10,CC.[CH2]C>>CC.[CH2]C,True,1-8,-9.382390000030192,25.630864999992298,36.7571
[CH2]CCCCCC(C)(C)C,[CH2]C(C)(C)CCCCCC,new_mr_10,CC.[CH2]C>>CC.[CH2]C,True,1-8,-9.382390000030192,27.692829999994046,36.7571
